/*
 Navicat Premium Data Transfer

 Source Server         : wxt
 Source Server Type    : MySQL
 Source Server Version : 80039
 Source Host           : localhost:3306
 Source Schema         : sdbkqs

 Target Server Type    : MySQL
 Target Server Version : 80039
 File Encoding         : 65001

 Date: 15/12/2024 22:26:16
*/

SET NAMES utf8mb4;
SET FOREIGN_KEY_CHECKS = 0;

-- ----------------------------
-- Table structure for admin
-- ----------------------------
DROP TABLE IF EXISTS `admin`;
CREATE TABLE `admin`  (
  `id` int NOT NULL AUTO_INCREMENT COMMENT 'ID',
  `username` varchar(255) CHARACTER SET utf8mb4 COLLATE utf8mb4_unicode_ci NULL DEFAULT NULL COMMENT '用户名',
  `password` varchar(255) CHARACTER SET utf8mb4 COLLATE utf8mb4_unicode_ci NULL DEFAULT NULL COMMENT '密码',
  `name` varchar(255) CHARACTER SET utf8mb4 COLLATE utf8mb4_unicode_ci NULL DEFAULT NULL COMMENT '姓名',
  `avatar` varchar(255) CHARACTER SET utf8mb4 COLLATE utf8mb4_unicode_ci NULL DEFAULT NULL COMMENT '头像',
  `role` varchar(255) CHARACTER SET utf8mb4 COLLATE utf8mb4_unicode_ci NULL DEFAULT NULL COMMENT '角色标识',
  `phone` varchar(255) CHARACTER SET utf8mb4 COLLATE utf8mb4_unicode_ci NULL DEFAULT NULL COMMENT '电话',
  `email` varchar(255) CHARACTER SET utf8mb4 COLLATE utf8mb4_unicode_ci NULL DEFAULT NULL COMMENT '邮箱',
  PRIMARY KEY (`id`) USING BTREE
) ENGINE = InnoDB AUTO_INCREMENT = 2 CHARACTER SET = utf8mb4 COLLATE = utf8mb4_unicode_ci COMMENT = '管理员' ROW_FORMAT = DYNAMIC;

-- ----------------------------
-- Records of admin
-- ----------------------------
INSERT INTO `admin` VALUES (1, 'admin', 'admin', '管理员', 'http://localhost:9090/files/1734267283958-OIP-C (8).jfif', 'ADMIN', '1234567888', 'admin@xm.com');

-- ----------------------------
-- Table structure for blog
-- ----------------------------
DROP TABLE IF EXISTS `blog`;
CREATE TABLE `blog`  (
  `id` int NOT NULL AUTO_INCREMENT COMMENT 'ID',
  `title` varchar(255) CHARACTER SET utf8mb4 COLLATE utf8mb4_unicode_ci NULL DEFAULT NULL COMMENT '标题',
  `content` longtext CHARACTER SET utf8mb4 COLLATE utf8mb4_unicode_ci NULL COMMENT '内容',
  `descr` varchar(255) CHARACTER SET utf8mb4 COLLATE utf8mb4_unicode_ci NULL DEFAULT NULL COMMENT '简介',
  `cover` varchar(255) CHARACTER SET utf8mb4 COLLATE utf8mb4_unicode_ci NULL DEFAULT NULL COMMENT '封面',
  `tags` varchar(255) CHARACTER SET utf8mb4 COLLATE utf8mb4_unicode_ci NULL DEFAULT NULL COMMENT '标签',
  `user_id` int NULL DEFAULT NULL COMMENT '发布人ID',
  `date` varchar(255) CHARACTER SET utf8mb4 COLLATE utf8mb4_unicode_ci NULL DEFAULT NULL COMMENT '发布日期',
  `read_count` int NULL DEFAULT 0 COMMENT '浏览量',
  `category_id` int NULL DEFAULT NULL COMMENT '分类ID',
  PRIMARY KEY (`id`) USING BTREE
) ENGINE = InnoDB AUTO_INCREMENT = 56 CHARACTER SET = utf8mb4 COLLATE = utf8mb4_unicode_ci COMMENT = '博客信息' ROW_FORMAT = DYNAMIC;

-- ----------------------------
-- Records of blog
-- ----------------------------
INSERT INTO `blog` VALUES (1, '想勤工俭学的看过来！', '<p>&nbsp;&nbsp;&nbsp;&nbsp;&nbsp;&nbsp;&nbsp;&nbsp;我校的勤工助学工作实行学生资助服务中心和学院两级管理。学生资助服务中心下设勤工助学指导科，负责全校范围内的勤工助学的组织协调和管理服务工作。各学院应设立由学生工作负责人任组长的勤工助学工作领导小组，在学生资助服务中心的指导和监督下开展本学院的勤工助学相关工作。</p><p><b>河南师范大学相关内容</b><b></b></p><p><b></b></p><p>第四章&nbsp;岗位申请及聘用</p><p>第十四条申请勤工助学的学生必须具备以下基本条件:</p><p>(一)诚实守信，遵纪守法，道德品行良好:</p><p>(二)学习努力,态度端正:</p><p>(三)生活简朴，无不良嗜好，工作责任心强:</p><p>(四)身体健康，能任工作;</p><p>(五)除部分技术型岗位有特殊需求外，被认定为家庭经济困难的学生优先申请。</p><p>第十五条每学期开学第二周，勤工助学指导科面向全校学生发布学生资助勤工助学岗位招聘信息，学生择岗申请，并填写《河南师范大学勤工助学岗位申请表》。通过自主招聘和学院推荐两种形式报勤工助学指导科，对申请学生进行审核，筛选符合基本条件的学生，审批公示后录用。</p><p>第十六条每学期开学第三周，各学院勤工助学工作小组面向本学院学生发布本学院勤工助学岗位招聘信息，学生择岗申请，并填写《河南师范大学勤工助学岗位申请表》，各学院筛选符合条件的学生，经公示后录用。</p>', '勤工俭学是什么？怎样可以参加勤工俭学呢？', 'http://localhost:9090/files/1731510661233-16pic_2890350_b.jpg', '[\"我爱师大\",\"每日一问\"]', 4, '2024-11-13', 178, 8);
INSERT INTO `blog` VALUES (2, '想考研或者考公的看过来！', '<p>1.尽早根据自己的情况确立目标学校，有目标才有动力。前期可以选两到三所学校，后边根据实际情况以及研究生招生名额等选定一所。</p><p>2.分析自己考研的目的，如果是为了获得研究生学历，那可以考虑以上岸为前提，在能上岸的基础上尽可能追好的学校。如果是为了以后继续读博或者想去好的城市进入教师体制，那就要考虑学校自己专业排名档次。</p><p>3.要通过微博、小红书等尽量取得所想报学校的学长学姐，询问一些建议和招生信息。</p><p>4.合理地规划自己的复习时间，划分大的时间段，再细分小的时间段。比如暑假结束开学前，要把数分高代一轮结束，这是大的阶段目标；那么在暑假期间每周要复习哪一章节或者哪两章节，每个章节用几天，等等。</p><p>5.对于专业课的复习，如果时间充裕，可以进行三轮，第一轮：细致的过课本，定义、定理及证明、例题、课后题。第二轮：系统复习，将各章节联系起来，更加着重于比较薄弱的章节。第三轮：做真题，根据自己所报的院校学校的此类型的真题风格进行专项练习（级数求和、证明连续性可微性、求积分等等；另外也要看看其他学校的此类型的真题）</p><p>6.在复习期间，尽可能的抛掉手机。</p>', '考研考公怎样准备？', 'http://localhost:9090/files/1731510961136-164489857958271119.jpg', '[\"毕业季\",\"每日一问\",\"学习方法\",\"分享心得\"]', 5, '2024-11-13', 139, 6);
INSERT INTO `blog` VALUES (4, '其他奖学金相关信息', '一、学业奖学金：<p>用于奖励有明确学习目标，有较强的科研能力，勤奋学习、潜心科研、勇于创新、积极进取、有一定科研成果或实践成果的全日制（全脱产学习）研究生，帮助他们更好地完成学业，每年评审一次。</p><p>博士研究生设立一、二、三等奖学金，其中一等奖占20%，每生每年18000元；二等奖占50%，每生每年15000元；三等奖占30%，每生每年10000元。</p><p>硕士研究生设立一、二、三等奖学金，其中一等奖占40%，每生每年10000元；二等奖占30%，每生每年7000元；三等奖占30%，每生每年5000元。对于一年级硕士研究生，推荐免试入学者享受一等奖学金；从外校调剂录取入学者，享受三等奖学金。<strong></strong></p><p><strong>二、</strong><strong>优秀新生奖学金</strong></p><p><strong>1</strong><strong>．评选对象</strong></p><p>高考第一志愿报考河南师范大学，并在规定时间内完成报到和注册手续的全日制本科新生。</p><p><strong>2</strong><strong>．评选条件及名额</strong></p><p>优秀新生奖学金按照新生入学时高考成绩实际考分评定。</p><p>①<span>一等奖</span>3名（10000元/人），第一志愿录取，折合成绩排名前三名的学生。</p><p>②<span>二等奖</span>16名（3500元/人），依照“按比例分配与统筹兼顾相结合”的原则，我校第一志愿录取的一本新生，按专业人数比例分配，折合成绩排名顺序由高到低奖励。</p><p>③<span>三等奖</span>100名（1500元/人），坚持公开、公平、公正、择优的原则依照“按比例分配与统筹兼顾相结合”的原则，第一志愿录取到该专业，按折合成绩排名进行奖励。</p><p>三、<strong>单项奖学金</strong></p><p><strong>1</strong><strong>．评选对象</strong></p><p>具有河南师范大学正式学籍，奋发向上、刻苦学习，在德、智、体、美等方面取得突出成绩的全日制本科学生。</p><p><strong>2</strong><strong>．申请、评审和发放</strong></p><p>单项奖由个人申请，学院审核，学生处审批，每学年评定发放一次。包括学习竞赛奖、科技创新奖、艺术展演奖、体育竞赛奖、宣传报道奖、文学创作奖6大类，名额不限，每项金额从100-3000元不等。奖学金证书随奖学金一同颁发。</p><p>同学们还知道哪些奖学金，请打在评论区！<br/></p><p></p><p></p>', '除了国家奖学金和国家励志奖学金，还有哪些奖学金？', 'http://localhost:9090/files/1734262490913-OIP-C.jfif', '[\"我爱师大\",\"分享心得\"]', 1, '2024-12-15', 20, 1);
INSERT INTO `blog` VALUES (5, '关于做好2024年本科生国家奖助学金评审工作的通知', '<p><span>各院（部）：</span></p><p><span><span><span>根据河南省教育厅关于国家奖助学金评审发放工作</span><span>通知</span><span>，结合我校实际情况，现就认真做好</span></span></span>202<span>4</span><span>年本科生国家奖助学金评审有关工作通知如下：</span></p><p><span><span><strong><span>一</span></strong></span></span><strong><span>、资助项目和范围</span></strong></p><p><span>1.<span>&nbsp;</span></span><span><span><span>国家奖学金</span><span>：</span><span>每生每年</span></span></span><span>8000<span>元</span><span>。</span><span>我校二年级及以上特别优秀的全日制本科在校生。</span></span></p><p><span>2.<span>&nbsp;</span></span><span><span><span>国家励志奖学金</span><span>：</span><span>每生每年</span></span></span><span>5000<span>元</span><span>。</span><span>具有我校学籍且品学兼优、通过当年家庭经济困难认定的，二年级及以上全日制本科在校生。</span></span></p><p><span>3.<span>&nbsp;</span></span><span><span><span>国家助学金</span><span>：</span><span>分三个档次</span><span>，</span><span>一等国家助学金</span></span></span><span>4000<span>元，二等国家助学金</span></span><span>3300<span>元，三等国家助学金</span></span><span>2600<span>元。具有我校学籍且通过当年家庭经济困难认定的全日制本科（含预科、不含退役士兵学生）在校生。</span></span></p><p><span>同一学年内，学生不可同时获得国家奖学金和国家励志奖学金，但可同时获得国家奖学金和国家助学金或国家励志奖</span><span>学金和国家助学金。</span></p><p><span><span><strong><span>二、</span></strong></span></span><strong><span>名额分配情况</span></strong></p><p><span><span><strong><span>三、</span></strong></span></span><strong><span>评审程序</span></strong></p><p><strong><span>四、日程安排</span></strong></p><p><span>1.<span>&nbsp;</span></span><span>9<span>月</span></span><span>10</span><span>日—</span>1<span>8</span><span><span><span>日，各院（部</span><span>）</span><span>认真组织宣讲国家奖助学金评审文件精神和本通知要求，做到每位学生均知悉国家奖助学金资助政策。</span></span></span></p><p><span>2.<span>&nbsp;</span></span><span>9<span>月</span></span>1<span>8</span><span>日—</span><span>9<span>月</span></span>2<span>2</span><span><span><span>日，符合奖助学金评选条件的学生自愿提出申请，</span><span>各院（部）</span><span>经各层次工作小组评议确定最终拟获奖助名单，并于</span></span></span><span>9<span>月</span></span>2<span>3</span>—2<span>7</span><span><span><span>日将奖助结果在显要位置进行公示。</span><strong><span>公示时间不得少于五个工作日。</span></strong></span></span></p><p><span>3.<span>&nbsp;</span></span><span>9<span>月</span></span>2<span>7</span><span>日</span>1<span><span>8</span><span>：</span></span><span>00<span>前，通过评审的学生通过扫描河南师范大学资助在线二维码</span></span><span><span><span>进入河南省高校学生资助业务系统，</span><strong><span>先完善个人</span></strong></span></span><strong><span>基本</span></strong><strong><span>信息，再进行</span></strong><strong><span>相关项目的</span></strong><strong><span>申请</span></strong><span>。</span></p><p><span>4.<span>&nbsp;</span></span><span>9<span>月</span></span><span>28</span><span>日组织各院（部）资助工作专员在致远楼</span><span>424<span>进行奖助学金填报系统的相关培训。（具体时间另行在资助群通知）</span></span></p><p><span>5.<span>&nbsp;</span></span><span>9<span>月</span></span><span>29</span><span>—10<span>月</span></span><span>7</span><span><span><span>日，</span><span>各院（部）数据自审</span><span>、</span><span>调整阶段。</span></span></span></p><p><span>6.<span>&nbsp;</span></span><span>10<span>月</span></span><span>8<span>日，学校学生资助中心对国家奖助学金获得者进行复审并提出拟获得国家奖助学金名单，报学校国家奖助学金领导小组审批，并于</span></span><span>10<span>月</span></span><span>9<span>日—</span></span>1<span>4</span><span>日进行校内公示。</span></p><p><span><span><strong><span>五、材料报送</span></strong></span></span><strong><span>要求</span></strong></p><p><span>1.<span>&nbsp;</span></span><span><span><span>国家奖学金申请审批表</span><span>，</span><span>一式</span></span></span><span>1</span><span><span><span>份</span><span>。</span></span></span></p><p><span>2.<span>&nbsp;</span></span><span><span><span>国家励志奖学金申请审批表</span><span>，</span><span>一式</span></span></span><span>1</span><span><span><span>份</span><span>。</span></span></span></p><p><span>3</span>.<span></span><span><span><span>国家奖学金</span><span>获得者优秀</span><span>事迹材料</span></span></span><span><span><span>。</span></span></span></p><p><span>4.<span>&nbsp;</span></span><span><span><span>国家奖助学金评审总结报告</span></span></span><span>。</span></p><p><span>5.<span>&nbsp;</span></span><span><span><span>资助工作</span><span>专员</span><span>名单</span></span></span></p><p><span><span><span>请</span><span>各院（部）</span><span>，</span><span>于</span></span></span><span><span>10</span><span>月</span></span><span><span>10</span><span>日上午</span></span><span><span>12:00</span><span>前</span><span>，以上</span><span>第</span></span><span>1-4</span><span><span><span>材料</span><span>纸质版</span><span>依序排列，不装订</span><span>报送至致远楼</span></span></span><span><span>422</span><span>。</span></span><span>9<span>月</span></span><span>14</span><span><span><span>日</span><span>上午</span></span></span><span>12<span>：</span></span><span>00<span>前</span><span>，</span><span>以上第</span></span><span><span>5</span><span>项材料纸质版报送至致远楼</span></span><span><span>422</span><span>。以上材料的电子版以报送纸质时间为准，均发送至邮箱</span></span><span><span>2018293@htu.edu.cn</span><span>。</span></span></p><p><span><span><strong><span>（二）填</span></strong></span></span><strong><span>报</span></strong><strong><span>要求</span></strong></p><p><strong><span>六、其他要求</span></strong></p><p><span>此前规定与本通知不一致的，以本通知为准。本通知未规定事项，按照原政策执行。</span></p><p></p>', '国家奖助学金', 'http://localhost:9090/files/1734263928726-OIP-C (2).jfif', '[\"分享心得\",\"我爱师大\"]', 1, '2024-12-15', 2, 1);
INSERT INTO `blog` VALUES (6, '河南师范大学第四届“卢锦梭师德楷模奖教金”暨第十七届“卢锦梭奖学金”颁奖仪式举行', '<p>“从为企业解决实际问题到承担省级国家级课题，从发表普通的SCI论文到发表SCI一区顶尖论文，正是因为以卢锦梭教授为代表的教育家精神激励着我，让我实现了科研道路上的一个又一个的突破。”该校获奖教师王东超在获奖感言中谈道。</p><p>卢锦梭先生是我国著名物理化学家、教育家，是河南师范大学更名后的首任校长，在溶液化学诸多领域造诣精深、成就卓著，为河南省教育事业作出了突出贡献。</p><p>“卢锦梭奖学金”由该校1978级校友魏冬青代表河南枫华种业股份有限公司与学校共同协商设立，于2008年进行首届评选。2021年，从“卢锦梭教育基金”项目中另设卢锦梭奖教金，并命名为“卢锦梭师德楷模奖教金”，激励着一代又一代河南师大人奋力进取。至今“卢锦梭奖学金”评选已进行了十七届，自第一届颁发时仅面向化学专业研究生，到目前第十七届完整覆盖全校学术博士、学术型和专业型研究生，每届的奖励人数从最初5人扩大到目前的35人，目前获奖学生分布在97个专业共411人，鼓励了一大批研究生投身高水平科学研究。</p><p>“‘卢锦梭奖学金’重点奖励创新能力强、创新成效突出的应届毕业研究生，不仅与该校研究生培养改革理念高度契合，还进一步完善了奖助体系，营造了良好的创新研究环境。”该校党委研究生工作部副部长马春旺表示。近年来，学校不断营造浓厚的科研创新和实践创新培育环境，通过完善和优化课程体系、设立研究生科研与实践创新项目、开展高水平实践活动、培育高水平竞赛成果、奖励研究生高水平科研成果、开展“学术科技文化节”等多种有效途径，有效推动研究生开展原始创新研究和取得高水平创新成果，实现学术创新能力和实践创新能力的“双提升”。</p><p>该校党委常委、副校长苗雨表示，卢锦梭师德楷模奖教金和卢锦梭奖学金的设立体现了以魏冬青为代表的一代代河南师范大学优秀校友对母校发展的关心支持和对人才培养的殷切希望，也反映了学校对精育良才、教育报国的高度重视。（陈锐 李文静）</p><br/><br/><p></p>', '2024年5月7日，河南师范大学第四届“卢锦梭师德楷模奖教金”暨第十七届“卢锦梭奖学金”颁奖仪式在该校勤政楼举行。现场6位教师获得“卢锦梭师德楷模奖教金”，35名研究生获得“卢锦梭奖学金”', 'http://localhost:9090/files/1734264125936-OIP-C (1).jfif', '[\"分享心得\",\"我爱师大\"]', 1, '2024-12-15', 3, 1);
INSERT INTO `blog` VALUES (7, '奖学金的作用', '<p>首先，奖学金能够为学生提供经济支持，减轻他们的家庭负担，使他们能够更加专注于学业，而不会因为经济压力而分心。这种支持对于那些来自经济困难家庭的学生来说，尤为重要，它能够帮助他们顺利完成学业，实现自己的梦想。</p>\n<p>其次，奖学金是一种荣誉的象征，代表着学生在学术、科研或社会实践等方面的卓越表现。获得奖学金不仅能够增强学生的自信心，还能够提升他们的社会认可度，为他们的未来发展打下坚实的基础。</p>\n<p>此外，奖学金还能够激励学生不断追求卓越，提升自己的综合素质。为了获得奖学金，学生需要付出更多的努力和时间，不断学习新知识，提升自己的能力和水平。这种追求卓越的精神，不仅能够让学生在学术上取得更好的成绩，还能够培养他们的创新思维和实践能力。</p>\n<p>综上所述，奖学金在激励学生进步、提供经济支持以及提升学生综合素质等方面都发挥着重要作用。它是学生成长道路上的一盏明灯，照亮他们前行的道路，引导他们不断追求卓越，实现自我价值。</p><p></p>', '奖学金的作用是多方面的，它不仅是对学生学术成就的一种肯定，更是激励学生持续进步的重要动力。', NULL, '[\"新生求助\",\"每日一问\"]', 1, '2024-12-15', 1, 1);
INSERT INTO `blog` VALUES (8, '如何获得奖学金', '<p>首先，学业成绩是评选奖学金的基础。学生需要在课程学习中取得优异的成绩，这通常要求他们具备扎实的基础知识、良好的学习能力和自律的学习习惯。通过积极参与课堂讨论、按时完成作业和深入研究课程内容，学生可以提高自己的学业成绩，从而增加获得奖学金的机会。</p>\n<p>其次，学生需要积极参与课外活动，如科研、社会实践、志愿服务等。这些活动不仅能够丰富学生的大学生活，还能够展现他们的综合素质和领导能力。在参与这些活动时，学生需要投入足够的时间和精力，努力取得优秀的成果，以此来提升自己的竞争力。</p>\n<p>此外，良好的人际关系和团队合作能力也是获得奖学金的重要因素。学生需要与老师、同学保持良好的关系，积极参与团队合作，共同完成任务。这种能力在学术研究和社会实践中尤为重要，能够帮助学生更好地发挥自己的优势，取得更好的成绩。</p>\n<p>最后，学生还需要关注奖学金的申请流程和截止日期，确保自己能够及时提交申请材料。在准备申请材料时，学生需要认真填写个人信息、学业成绩和课外活动经历等，以展示自己的综合素质和优势。</p>\n<p>综上所述，获得奖学金需要学生具备扎实的学业基础、丰富的课外活动经历、良好的人际关系和团队合作能力，以及及时准确的申请材料。只有不断努力，提升自己的综合素质，学生才有可能获得奖学金的荣誉。</p><p></p>', '获得奖学金通常需要学生在多个方面展现出色的表现，以下是一些关键步骤和所需条件', 'http://localhost:9090/files/1734264629567-OIP-C (3).jfif', '[\"我爱师大\",\"每日一问\"]', 1, '2024-12-15', 2, 1);
INSERT INTO `blog` VALUES (9, '关于2024年国家助学金评审通知', '<p>国家助学金由中央与地方政府共同出资设立，用于资助高校家庭经济困难的本科生在校的生活费用开支。我校本科生获得国家助学金的比例约为在校学生总数的30%，资助标准为平均每人每年3300元。同一学年内，申请并获得国家助学金的学生，可同时申请并获得国家奖学金或国家励志奖学金；家庭经济困难筹集不齐学费和住宿费的学生，可同时申请国家助学贷款。原建档立卡家庭学生执行上级最新政策规定。</p><p>1.&nbsp;申请条件：</p><p>（1）我校全日制（四年）本科生。</p><p>（2）热爱祖国，拥护中国共产党的领导，思想进步，品德优良；</p><p>（3）自觉遵守国家的法律法规，遵守大学生守则和学校规章制度，助人为乐、生活俭朴，无任何违法违纪现象和其他劣迹行为；</p><p>（4）自强不息，奋发向上，刻苦学习；</p><p>（5）家庭经济特别困难的学生，难以支付最基本的学习生活费用。</p><p>（6）原则上，已获得助学金/新长城助学金的同学不再参加申报。</p><p>2.&nbsp;申报材料：</p><p>（1）受资助学生需提交《河南师范大学助学金申请书》，内容包括家庭情况、学习情况及思想状况，其中家庭情况需详细介绍。用河南师范大学稿纸手写（红色方格），封面右下方包括学院、学号、姓名、联系方式，并加盖学院行政公章。</p><p>（2）.如实填写《河南师范大学助学金审批表》，用A4纸打印，一式三份，其中“编号”不填。</p><p>（3）申请学生需提交乡镇或者街道出具的家庭贫困证明及《河南师范大学家庭经济困难学生认定申请表》，申请表用A4纸打印，并加盖学院行政公章。</p><p>（4）温馨提醒：助学金评选对于学生成绩有要求，要求成绩良好，在校四年资助期内不能有挂科情况。</p><p>3.&nbsp;材料送到各学院办公室。</p><p>4.&nbsp;助学金须知：</p><p>（1）只有通过贫困认定的学生才能申请助学金。原则上，被认定为家庭经济特别困难的学生可申请一等国家助学金，给予最高等次资助，被认定为家庭经济比较困难的学生可申请二等国家助学金，被认定为家庭经济一般困难的学生可申请三等国家助学金。</p><p>（2）申请助学金的同学要从家庭经济状况、在校综合表现等方面写出申请理由，字数不少于300字，要求手写，并填写河南师范大学国家助学金申请表&nbsp;</p><p>5.&nbsp;具体金额：</p><p><img src=\"http://localhost:9090/files/1731490848787-image.png\"/></p><p>补充：</p><p>其他助学金：社会团体助学金：</p><p>新长城助学基金：“中国体育彩票·新长城助学基金”由河南省体育彩票管理中心指助，旨在帮助优秀困难学生减轻家庭负担，顺利完成学业，同时帮助学生树立坚强刚毅、自信达观的人生态度。资助新生120名，资助金额为每人每年2500元，连续资助2年。</p><p>应善良助学金：由“应善良福利基金会”创办人沈炳麟先生设立，用来帮助家境贫寒，难以求学的学生完成学业，资助新生30名，资助金额为每人每年3500元，连续资助4年。</p><p></p>', '助学金', 'http://localhost:9090/files/1734264941420-OIP-C (4).jfif', '[\"助学金\",\"每日一问\"]', 1, '2024-12-15', 1, 2);
INSERT INTO `blog` VALUES (10, '关于做好2024年本科生国家奖助学金评审工作的通知', '<p><span>各院（部）：</span></p><p><span><span><span>根据河南省教育厅关于国家奖助学金评审发放工作</span><span>通知</span><span>，结合我校实际情况，现就认真做好</span></span></span>202<span>4</span><span>年本科生国家奖助学金评审有关工作通知如下：</span></p><p><span><span><strong><span>一</span></strong></span></span><strong><span>、资助项目和范围</span></strong></p><p><span>1. </span><span><span><span>国家奖学金</span><span>：</span><span>每生每年</span></span></span><span>8000<span>元</span><span>。</span><span>我校二年级及以上特别优秀的全日制本科在校生。</span></span></p><p><span>2. </span><span><span><span>国家励志奖学金</span><span>：</span><span>每生每年</span></span></span><span>5000<span>元</span><span>。</span><span>具有我校学籍且品学兼优、通过当年家庭经济困难认定的，二年级及以上全日制本科在校生。</span></span></p><p><span>3. </span><span><span><span>国家助学金</span><span>：</span><span>分三个档次</span><span>，</span><span>一等国家助学金</span></span></span><span>4000<span>元，二等国家助学金</span></span><span>3300<span>元，三等国家助学金</span></span><span>2600<span>元。具有我校学籍且通过当年家庭经济困难认定的全日制本科（含预科、不含退役士兵学生）在校生。</span></span></p><p><span>同一学年内，学生不可同时获得国家奖学金和国家励志奖学金，但可同时获得国家奖学金和国家助学金或国家励志奖</span><span>学金和国家助学金。</span></p><p><span><span><strong><span>二、</span></strong></span></span><strong><span>名额分配情况</span></strong></p><p><span><span><strong><span>三、</span></strong></span></span><strong><span>评审程序</span></strong></p><p><strong><span>四、日程安排</span></strong></p><p><span>1. </span><span>9<span>月</span></span><span>10</span><span>日—</span>1<span>8</span><span><span><span>日，各院（部</span><span>）</span><span>认真组织宣讲国家奖助学金评审文件精神和本通知要求，做到每位学生均知悉国家奖助学金资助政策。</span></span></span></p><p><span>2. </span><span>9<span>月</span></span>1<span>8</span><span>日—</span><span>9<span>月</span></span>2<span>2</span><span><span><span>日，符合奖助学金评选条件的学生自愿提出申请，</span><span>各院（部）</span><span>经各层次工作小组评议确定最终拟获奖助名单，并于</span></span></span><span>9<span>月</span></span>2<span>3</span>—2<span>7</span><span><span><span>日将奖助结果在显要位置进行公示。</span><strong><span>公示时间不得少于五个工作日。</span></strong></span></span></p><p><span>3. </span><span>9<span>月</span></span>2<span>7</span><span>日</span>1<span><span>8</span><span>：</span></span><span>00<span>前，通过评审的学生通过扫描河南师范大学资助在线二维码</span></span><span><span><span>进入河南省高校学生资助业务系统，</span><strong><span>先完善个人</span></strong></span></span><strong><span>基本</span></strong><strong><span>信息，再进行</span></strong><strong><span>相关项目的</span></strong><strong><span>申请</span></strong><span>。</span></p><p><span>4. </span><span>9<span>月</span></span><span>28</span><span>日组织各院（部）资助工作专员在致远楼</span><span>424<span>进行奖助学金填报系统的相关培训。（具体时间另行在资助群通知）</span></span></p><p><span>5. </span><span>9<span>月</span></span><span>29</span><span>—10<span>月</span></span><span>7</span><span><span><span>日，</span><span>各院（部）数据自审</span><span>、</span><span>调整阶段。</span></span></span></p><p><span>6. </span><span>10<span>月</span></span><span>8<span>日，学校学生资助中心对国家奖助学金获得者进行复审并提出拟获得国家奖助学金名单，报学校国家奖助学金领导小组审批，并于</span></span><span>10<span>月</span></span><span>9<span>日—</span></span>1<span>4</span><span>日进行校内公示。</span></p><p></p>', '助学金', 'http://localhost:9090/files/1734265033610-下载.jfif', '[\"助学金\",\"新生求助\"]', 1, '2024-12-15', 6, 2);
INSERT INTO `blog` VALUES (11, '我校举行“应善良助学金”资助仪式', '<p>2024年12月11日下午，我校在勤政楼第四会议室举行“应善良助学金”资助仪式，河南省委统战部侨务事务处副处长罗文洁，我校党委常委、副校长聂国兴应邀出席并发表讲话。学校党委统战部，党委学工部、学生资助服务中心，校友与基金工作办公室等部门负责人，各学院（部）辅导员及2024级受助学生等150余人参加资助仪式。仪式由党委学工部副部长张金金主持。</p><p>聂国兴在讲话中介绍了学校悠久的历史和发展成就，回顾了“应善良助学金”在校资助情况，并向受助学生提出三点希望，一要饮水思源、心存感恩，珍视受助机会，珍惜受助荣誉，以积极阳光的心态，将关爱与期望转化为前行动力；二要勤奋学习、立志成才，把心思用在学习上，努力提升思想觉悟、道德水准、文明素养，自觉成为担当民族复兴大任的时代新人；三要胸怀天下、心系国家，自觉把小我融入到新时代中国特色社会主义现代化建设的大我之中，努力在中国式现代化的广阔天地建功立业。</p><p>罗文洁详细介绍了“应善良助学金”捐赠背景及应善良福利基金会创始人沈炳麟先生所倡导的“为善最乐，助学帮困”公益精神，鼓励学生不畏艰辛，刻苦学习，传承公益，回报社会。</p><p>会上，罗文洁宣读了2024级受助学生名单，与会领导嘉宾为受助学生颁发资助牌，电子与电气工程学院2024级陈优代表受助学生发言。</p><p>“应善良助学金”由香港著名爱国人士沈炳麟先生创立，以“扶贫救灾、雪中送炭，好事大家办、好事要办好”为宗旨，目的是让更多人弘扬传播“为善最乐”理念。在河南省委统战部侨务事务处大力支持下，我校成为香港应善良福利基金会在省内唯一资助高校，自2013年以来先后有360名家庭困难、品学兼优的师大学子受到资助，资助金额达462万元。</p><br/><br/><p></p>', '“应善良助学金”资助仪式', NULL, '[\"助学金\",\"每日一问\"]', 1, '2024-12-15', 1, 2);
INSERT INTO `blog` VALUES (12, '助学金作用', '<p>首先，助学金能够有效缓解家庭经济压力，帮助贫困学生顺利完成学业。许多来自低收入家庭的学生，由于经济条件的限制，可能面临辍学的风险。而助学金的发放，可以为他们提供必要的经济支持，使他们能够专注于学习，而不会因为生活费用、学费等问题而分心。</p>\n<p>其次，助学金能够激励学生更加努力学习，追求卓越。获得助学金的学生通常会感受到来自社会和学校的关爱与期望，这种期望会转化为他们学习的动力，促使他们更加珍惜学习机会，努力提升自己的学术水平和综合素质。</p>\n<p>此外，助学金还有助于培养学生的社会责任感和感恩之心。通过接受助学金的资助，学生能够深刻体会到社会的温暖和关爱，从而更加珍惜自己的学习机会，并立志将来回馈社会，帮助更多需要帮助的人。</p>\n<p>综上所述，助学金不仅为家庭经济困难的学生提供了必要的经济支持，还激励他们更加努力学习，培养他们的社会责任感和感恩之心。它是教育公平的重要体现，也是社会关爱和期望的传递。我们应该积极倡导和支持助学金的发放，为更多需要帮助的学生提供温暖和希望。</p><p></p>', '助学金作为一种重要的教育资助形式，对于广大学生，尤其是家庭经济困难的学生而言，具有深远的意义和作用。\n\n', 'http://localhost:9090/files/1734265239523-OIP-C (7).jfif', '[\"助学金作用\"]', 1, '2024-12-15', 1, 2);
INSERT INTO `blog` VALUES (13, '高校国家助学金', '<p>中央和地方政府共同出资设立高校国家助学金，主要资助家庭经济困难的全日制普通高校本专科（含高职、第二学士学位）在校学生的生活费用开支。国家助学金资助面平均约占全国全日制普通高校本专科（含高职、第二学士学位）在校学生总数的20%。全国平均每生每年3000元。同一学年内，申请并获得国家助学金的学生，可同时申请并获得国家奖学金或国家励志奖学金。试行免费教育的教育部直属师范院校师范类专业学生，不再同时获得国家助学金。</p>', '想了解助学金的进来了！', 'http://localhost:9090/files/1734265382976-OIP-C (6).jfif', '[\"每日一问\"]', 1, '2024-12-15', 3, 2);
INSERT INTO `blog` VALUES (14, '双学位简介', '<p><font>为了满足我校非英语专业本科生辅修英语、日语专业的需求，提高我校非英语专业本科生的就业优势，经河南省教育厅等相关部门批准，外国语学院于</font><font>2014年开始进行辅修英语双学位专业招生，并于2018年开始进行辅修日语双学位专业招生，招生对象为满足教务处学业成绩规定的河南师范大学非英语专业本科生。</font></p><p><font>&nbsp;外国语学院辅修英语、日语双学位专业的开设依托外国语学院原有的教研成果及教研团队。外国语学院专门制定了适合辅修英语、日语双学位专业的培养方案。主要开设的课程有：英语语言学概论、综合英语、英美文学、英汉翻译、英语写作、英语语法、英语词汇学、语用学、英语口译、中西方文化比较、综合日语、日语写作、日语语法等课程。辅修英语、日语双学位专业课程主要在教学周周末以面授的方式进行，特殊情况下安排相应的网络课程进行辅助教学。</font></p><p><font>&nbsp;辅修英语、日语双学位专业开设以来受到了我校非英语专业本科生的欢迎，招生人数连创新高。近三年来，外国语学院辅修英语、日语双学位专业的招生人数基本在每年500名左右。目前，外国语学院辅修英语、日语双学位专业整体情况运行良好，各项教学活动正在有序进行。</font></p>', '辅修英语、日语双学位简介', NULL, '[\"我爱师大\"]', 3, '2024-12-15', 1, 3);
INSERT INTO `blog` VALUES (15, '我校与韩国汉阳大学签订硕士 研究生双学位联合培养项目协议', '<p><font>6月29日上午，我校计算机与信息工程学院与韩国汉阳大学工学院联合培养硕士研究生项目的线上签约仪式在勤政楼第三会议室举行。校党委常委、副校长刘玉芳，汉阳大学副校长李翰承出席了仪式。双方国际合作与交流处、研究生院及合作学院的负责人和教师代表参加本次会议。会议由国际合作与交流处处长赵扬主持。</font></p><p><font>刘玉芳向汉阳大学的各位嘉宾表示欢迎，简要介绍了我校办学历史、办学现状、办学特色及人才培养。他表示，我校一直重视两校间的交流与合作，希望在现有良好的合作基础上，以本次双方硕士研究生联合培养项目为契机，继续扩大两校在更多学科专业以及学位层次的合作。</font></p><p><font>李翰承表示非常高兴能与河南师范大学开展合作，他介绍了汉阳大学的办学规模、学科优势等基本情况，认为双方在诸多学科领域相同或相近，合作基础坚实稳定，希望通过汉阳大学所参与的韩国</font><font>BK21 PLUS项目进一步扩大合作范围、惠及更多师生。</font></p><p><font>会上，双方学院负责人及教师代表就项目实施细节展开商讨。最后，与会校领导代表各自学校在线上共同签署了硕士研究生双学位培养项目合作协议。</font></p>', '研究生双学位联合培养项目协议', NULL, '[\"每日一问\"]', 3, '2024-12-15', 1, 3);
INSERT INTO `blog` VALUES (16, '大学修双学位有必要么?', '<p><font>我也是不知道有没有必要，但是我修了，决定的原因是每到周末我都会在寝室睡觉，一觉醒来寝空只有我自己，其他室友要不去约会，要不去兼职，要不去校外上课外班学习一些技能游泳或者舞蹈乐器啥的，那个时候就感觉自己太废柴了，就想找个事儿做，也尝试给人当家教，自己试讲了以后人不满意，我也就放弃了。。也想过去学游泳啥的，我怕自己吨位太大，救生员救不了我</font><font>TT。等等等....后来正好学校发了双学位+的公告，我寻思着周末我也没啥事儿，当打发时间了。报双学位的人挺少的，有的专业人不够干脆就取消了，我报的那个专业是报考这个大学的第一个志愿，这也算是圆当初的心愿了(我高考是第三个志愿录取的)</font></p><p><font>现在说一说修双学位给我带来了什么</font><font>:</font></p><p><font>1、毕业的时候别人只有一个学位证你有俩，很拉风，这是我相比于其他本专业同学的独特之处。</font></p><p><font>2、考研，我要是考本校的双学位这个专业的研可以免复试。(因为自己的主修专业+自己学校没有硕士点，这个是很大的机会了，不过我考研还是主修专业，考外校了，所以这个机会也没啥了)还有就是因为有这个双学位专业的学位证书，考研就不属于跨专业，相比较跨专业的考生，在报考和面试会有点优势。</font></p><p><font>3、考证，我因为有这个专业的学位证，可以考更加职业的证，不一定有用，但是有的公司你多一个证就奖励你几百块钱。考了证以后，你工作的类型就会更广，这算是我一个后路吧，因为主修专业工作环境特别不好，设计类的，我怕我身体吃不消。</font></p><p><font>4、多个技能多个活路，怎么能证明你有这个技能，证书啊，这个学位证就是最好的证明。</font></p><p><font>现在说不好的地方</font><font>:</font></p><p><font>1、我的一个主专业老师上课突然提了一嘴双学位，(我谁也没说过我读双学位了，不知道为啥他就是突然说一嘴)。他说国外好多人读双学位，人家会夸你好厉害啥啥的，在他心里就是主专业没学好。受他的影响我不敢在别人面前说我修双学位了，也反思过自己，他说的有道理，我主专业排名中等偏上不算好，所以我想以数量取胜，因为我确实不知道怎么提升自己主专业，这设计类没灵感就是没灵感，没招。</font></p><p><font>2、就目前来说，双学位只出现过我的简历上，对于我主专业的找导师找工作诉求没有啥帮助。简单来说就是目前还没用上，不知道以后会不会用上。</font></p><p><font>我的建议是，你如果闲且没啥事干，你就读个双学位，肯定会有所收获，也是对自己的一个提升也能结交到更多不同圈子的人。双学位的学费不高，课程难度也不高</font><font>(比起他们本专业的难度)很好毕业，会在你主专业毕业之前写论文、答辩，给自己主专业毕设打个前阵。我双学位是两年年半上课，半年毕设，大四上学期是毕设期，考研一般都是大三下学期和大四上学期这个时间段，考研感觉会有影响，这影响大不大就看你自己和学校双学位严不严了，不严的话，大三下学期的课可以不上，就期末考试去，论文不严的话，就好写了。</font></p><p><font>Ps:考虑读双学位的前提，学校一定要发学位证啊，有的学校没有学位证，教育局不认，那还读个啥</font><font>。</font></p>', '双学位心得', 'http://localhost:9090/files/1734266134251-图片1.png', '[\"分享心得\"]', 3, '2024-12-15', 2, 3);
INSERT INTO `blog` VALUES (17, '中国高校的双学位究竟有什么用？', '<p><font>本人大一时对专业不满意（水利水电动力工程），想要修双学位，然后我就对双学位展开了一次彻底的调查，最终得出结论，确实没用。但是这个东西对于情况及其特殊的人来说还是很友好的，比如你对某个东西极度感兴趣，但是你大学的专业不是它，如果你不学习这个东西你就会遗憾终生。或者你觉得你的第一个本科专业连让你连饭都吃不上，而且你本人也是那种不怕吃苦的人的话，那你就考一下吧。否则，别考这个东西。</font></p><p><font>双学位的弊端有一下几个方面：</font></p><p>1<font>、不被社会承认。在省内还好说一点，一旦出了省啥也不是，人家根本就不认你。</font></p><p>2<font>、含金量低。国家政策上规定双学士工资待遇最高不超过研究生。注意，是最高，不是和研究生享受同等待遇，是最高享受的研究生的待遇，什么叫最高，最高就是没有的意思，千万别幻想着考个双学士能多赚点钱，你赚的钱都不够你双学士交的学费。</font></p><p>3<font>、第二学位被取消了。尴尬不，被取消了。别紧张，被取消的是第二学位，那么对双学士有什么影响呢？影响就是你只能拿一张学位证了，而证上写着你主修的哪个学位，辅修的哪个学位。得了，四年想拿两个学位证的梦想泡汤了。</font></p><p>5<font>、成本太高。对自己的专业不满意有很多种弥补的方法啊。比如，像我一样转专业，或者是考一个教师资格证，要不就是报个培训班学学</font><font>JAVA</font><font>或者</font><font>UI</font><font>设计，都是出路啊，何必来选双学士这种又浪费时间又浪费钱的选项，最可气的是它还没有人家赚的钱多。</font></p><p><font>还有，双学位和第二学位一定要分开，这是两回事，千万别搞混了。</font></p>', '（临时加一句，内容仅限于一般学校的同学）\n', 'http://localhost:9090/files/1734266197250-图片2.png', '[\"分享心得\"]', 3, '2024-12-15', 1, 3);
INSERT INTO `blog` VALUES (18, '计算机与信息工程学院召开 2024年转专业学生座谈会', '<p><font>为了帮助新转入同学更好地适应新环境，解决在学习和生活中可能遇到的问题及困难，促进他们与学院师生的交流和融合，明确自身未来发展方向，助力他们科学规划未来职业发展。计算机与信息工程学院于</font><font>4月20日在学院103会议室召开了2024年转专业学生座谈会。学院相关负责人、专兼职辅导员以及新转入的32名同学参加了座谈会，会议由2022级辅导员皇甫晓阳主持。</font></p><p><font>座谈会上，院党委副书记陈清利代表学院对新转入的同学表示热烈的欢迎，希望他们能够尽快适应新的学习和生活环境，珍惜这次转专业的机会。陈清利围绕</font><font>“珍惜机会、感恩所有、坚持学习和适应环境”四个方面为同学们讲了一场内容丰富的思政课，并解读了学院相关文件和管理制度的具体内容。</font></p><p><font>在自由交流环节，新转入的同学积极发言，提出了自己在学业、生活、职业规划等方面的困惑和问题。与会老师耐心倾听，一一解答，并给予了宝贵的建议和指导。</font></p><p><font>此次座谈会的召开，不仅为新转入的同学提供了一个了解学院、交流学习的机会，也进一步增强了他们的归属感和凝聚力。</font></p>', '转专业学生座谈会', 'http://localhost:9090/files/1734266273921-图片3.png', '[\"我爱师大\"]', 3, '2024-12-15', 1, 4);
INSERT INTO `blog` VALUES (19, '大学转专业需要什么条件?', '<p><b><font>⼀、⼤学转专业的难易程度</font></b><b></b></p><p><!--[if--><span>1.<span>&nbsp;</span></span><!--[endif]--><font>要求⾼，并不是所有学⽣都有资格，各校转专业的门槛绩点，从前</font><font>5%到前50%不等。</font></p><p><!--[if--><span>2.<span>&nbsp;</span></span><!--[endif]--><font>成功率低，有了转资格只是成功的第⼀步，辅导员会反复规劝，好专业接收名额少，想转的⼈多。能够转成功，⾸先，要成绩够突出，其次，笔、⾯试要通过，因此，最终转专业的</font><font>成功率不到</font><font>5%。</font></p><p><!--[if--><span>3.<span>&nbsp;</span></span><!--[endif]--><font>如果专业跨度⼤，需要再读⼀年⼤⼀，例如从机械转到⾦融，很多⼤学都会要求从⼤⼀读起。即使专业跨度不太⼤，不需要从⼤⼀读起，也要⾃学该⼤⼀的专业基础课。</font></p><p><font>总之，转专业并不容易，尤其是转到热门专业就更不容易，千万不要把希望寄托在⼊校转专业上，因为绝⼤部分⼈都没能成功转专业。最令⼈担⼼的是，对转专业的期望太⾼，⼀旦转专业失败，在学专业⼜没兴趣没前途，最终，导致退学重考，只能来年选个⾃⼰喜欢的专业。</font></p><p><b><font>⼆、⼤学转专业的条件要求</font></b><b></b></p><p><!--[if--><span>1.<span>&nbsp;</span></span><!--[endif]--><font>⾼考分数，很多⼤学规定⼤⼀新⽣可以转专业，只要⾃⼰的⾼考成绩超过了想转专业的本省最低分，就可以转。具体来说，安徽考⽣⼩</font><font>A，⾼考裸分650分，被某⼤学电⽓⼯程及⾃动化专业录取，⼊校后，想转到计算机科学与技术专业。计算机专业在安徽的最低录取分是648，恭喜⼩A，你可以转到计算机专业。</font></p><p><!--[if--><span>2.<span>&nbsp;</span></span><!--[endif]--><font>⼤⼀绩点，⼤部分⾼校在⼤⼀结束时，都有⼀次转专业的机会，条件就是⼤⼀的成绩，并且转到不同专业的绩点要求不同，以举个某理⼯科⼤学的例⼦，满级</font><font>4，绩点3.8+可以转计算机等专业，绩点3.5+可以转通信⼯程，电⼦信息⼯程等专业，绩点3.1+可以转⼟⽊⼯程，⾃动化等专业。低于3.1只能转到环境科学与⼯程，采矿⼯程，安全⼯程等专业。</font></p><p><!--[if--><span>3.<span>&nbsp;</span></span><!--[endif]--><font>笔试、⾯试成绩，很多专业在接受转专业学⽣的时候，除了要求绩点，还需要笔试和⾯试，⽐如某⼤学的计算机专业，申请转专业的学⽣就需要进⾏计算机编程笔试。很多⼤学的英语专业，在接收转专业学⽣时，需要进⾏英语⼝试。</font></p><p><b><font>三、⼤学转不了专业的建议</font></b><b></b></p><p><font>1.选修双学位：很多省属院校都可以读双学位，但需要注意的是，双学位市场认知度不同，有些⾏业对辅修的专业认同等同第⼀学位，但有则不然，学⽣要多了解。</font></p><p><font>2.修第⼆学位：与双学位不同，修第⼆学位需在本科四年毕业后再学两年才能拿到第⼆学位，⽽且需要考试。修第⼆学位是全⽇制脱产学习，但学⽣可以申请在其他学校就读。</font></p>', '转专业条件', 'http://localhost:9090/files/1734266354328-图片4.png', '[\"分享心得\"]', 3, '2024-12-15', 2, 4);
INSERT INTO `blog` VALUES (20, '大学生转专业该不该转', '<p><font>到目前为止（现在是大二下）如果有学弟或者学妹来咨询我转专业的话，我是不建议转的，因为真的会面临很多问题，如果你真的很讨厌自己的专业，你可以转，如果自己的本专业感觉还行，建议就不要转了，但是一定要好好学，把自己专业学精，再考个好的研究生。可能这种观念会随着时间转变，可能五年、十年以后我回想起来：当初转专业真转对了，现在工作环境也好，升职也快，工资也高，真是个明智的选择，但是目前来说我是不建议学弟学妹转的。</font></p><p><font>理由如下：存在就是真理，这门院系既然存在在社会上就有他的价值，无论什么行业，只要学精了，都会有不错的发展。下面我来给刚刚毕业的高中生或者大一新生分享一下我的经历和看法：相信有很多大学生因高考失利去了自己不喜欢的专业，或者是一开始选择的专业比较冷门或毕业后工作环境不好，薪资低，想去一个比较热门的专业。我同你们一样，高考失利去了一个造纸专业的普通一本，家里面觉得之后的就业环境不好极力让转，我感觉兴趣是培养出来的，通过一年多的学习感觉这个方面还行（主要是学化学，大学的学科与高中没有很多联系，高中这门不好不代表大学就不好），我们这个专业在我们学校也比较厉害，全国也有排名，家里觉得将来就业环境不好，非常希望我转专业，说真的我当时也比较迷茫，但是高考失利，父母比较失望，我就想这次我转个专业让父母高兴高兴，于是我好好学习，学习成绩排名比较靠前，拿了奖学金，然后转去了电气工程与自动化专业，父母也如愿以偿，很是开心。</font></p><p><font>由于各个学院转到电气的人数比较多，学院就新开设了一个班级，来了新班级后发现会面临很多问题：（</font><font>1）自己以前很好的朋友渐渐远去，只剩下很少几个常联系的，自己建立好的人脉直接崩塌，因为很少很少会再有联系，在新的集体自己班里还好可以重新认识，但是我可以保证经过了快一年的时间，我们班里对自己班里人的了解很少很少，包括班长和团支，有些人根本叫不出名字，和自己上课坐在一起的无非也是和自己同一专业转来的，更别说和院系导师的联系了。总有一种自己是别人家的孩子的感觉。（2）最显而易见的是你要补的课，补电气专业大一的课，出来像马原、毛概一样，其余都补，大二下可能会补不完 要补到大三上，这些课的负担会降低你与本专业人的竞争力。转专业的都是有勇气的，可以承受住那些困难，其实长远来看我们都说不清好坏，如果是你自己不适应这个专业想跳出去看看，我支持你，如果是父母让转，那你就和父母好好的谈谈，父母肯定都是好心，最后想通了也罢，转了也罢，咱也不会后悔，毕竟能让父母开心一下。</font></p>', NULL, 'http://localhost:9090/files/1734266406429-图片5.png', '[\"分享心得\",\"每日一问\"]', 3, '2024-12-15', 2, 4);
INSERT INTO `blog` VALUES (21, '商学院召开转专业学生专题交流会', '<p><font>为扎实做好转专业学生教育引导，更好帮助转专业学生适应新专业学习生活，明确自身未来发展方向。</font><font>4月2日下午，商学院在517会议室召开“相聚商学 聆听新声”2024年自主选择专业学生专题交流会。学院相关负责人、全体专兼职辅导员和全体转专业学生参加会议，会议由2023级辅导员朱春晓主持。</font></p><p><font>院党委副书记马淑明对转专业学生的到来表示热烈欢迎，并向大家介绍了商学院的基本概况、各专业发展情况。她结合自身经历和具体案例向学生们提出期望，希望同学们坚定理想信念，要保持转专业成功后的自信，面对新起点，要增强主动探索的勇气，向内自省，向外拓展，将所学知识与实践相结合，内化于心，外化于行。朱春晓解读了学院日常管理规定、综合测评条例等内容，他提醒同学们要注意骑行安全、用电安全，尽快适应新环境，投身到新专业的学习之中，要求各班学生干部要对转入学生进行帮扶工作。</font><font>2023级兼职辅导员陈生宝针对学生关注的问题进行了详细地解答。</font></p><p><font>本次专题交流会的召开，搭建了师生交流的平台，提升了自主选择专业学生对专业的认识，增强了学院的凝聚力和向心力。</font></p>', NULL, NULL, '[\"我爱师大\"]', 3, '2024-12-15', 1, 4);
INSERT INTO `blog` VALUES (22, '关于2022年全日制普通本科生转专业课程成绩认定的通知', '<p><strong>各学院（部）：</strong><br/></p><p>根据我校2022年全日制普通本科生转专业工作安排，现对2022年转专业学生课程成绩认定工作通知如下：</p><p><strong>一、认定对象</strong></p><p>我校2022年转专业学生。</p><p><strong>二、认定条件</strong></p><p>1.转入新专业前已获得学分，同时转专业手续已办理完毕；</p><p>2.<span><span>课程名称、课程内容相同或相近，且原专业课程学分<strong>不低于</strong>新专业课程学分，可予以认定，否则不能认定。</span></span></p><p><strong>三、办理流程</strong></p><p><img src=\"https://www.htu.edu.cn/_upload/article/images/15/e4/01f9780247bc828d0acad5281673/8a25150c-1070-48ac-9440-9e6700c08a43.png\"/></p><p><strong>四、认定办法</strong></p><p>1.若所修课程的课程名称、课程代码、学分、课程类别等均一致，则无须填写，教务管理系统可直接认定；</p><p><span><span>如公修课：军事理论、军事训练、大学英语、大学体育等课程<strong>无须填写《转专业学生课程成绩处理申请表》。</strong></span></span></p><p>2.<span><span>若所修课程的名称、内容相近，课程代码、课程类别等不同，且学分<strong>不低于</strong>现专业课程学分，经转入学院审核，符合专业培养方案要求可给予认定，须填写在“<strong>可以认定为新专业培养方案内课程的课程成绩情况</strong>”区域；</span></span></p><p>（1）课程类别：必修课/通识教育、必修课/学科基础、必修课/教师教育、任选课/公共课、任选课/<span><span>专业任选等，<strong>简写为</strong>：必</span></span>/通识、必/学科、必/教师、任/公共、任/专业等。</p><p>（2）原有课程是1门（包含理论和实验），但现课程分2门开设的（1门理论课程和1门实验课程），且原课程学分不低于现课程学分之和，可由1门认定为2门；</p><p>如：现代教育技术（含实验）（2学分），可认定为现代教育技术（1学分）和现代教育技术实验（1学分）。</p><p>（3）原有课程是2门（1门理论课程和1门实验课程），但现课程是1门开设（包含理论和实验），可将其中一门符合要求的原课程成绩对应认定为现课程成绩，另一门原课程成绩做无效处理；</p><p>（4）其余课程为1门原课程对应认定1门现课程；</p><p>3.<span><span>对于不能认定为新专业培养方案内课程，需要认定为新专业公共任选课的，须填写在“<strong>需要认定为新专业公共任选课的课程成绩情况”</strong>区域。认定为公共任选课的学分不得超过</span></span>4学分。</p><p>4.<span><span>对于不能认定为新专业培养方案内课程且需做无效处理的，填写在“<strong>需要做无效处理的课程成绩情况</strong>”区域。</span></span></p><p><strong>五、其他要求</strong></p><p><strong>1.</strong>成绩认定完成后，转入学院（部）留存《申请表》原件，学生本人留存《申请表》复印件；</p><p>2.请各学院（部）在4月22日之前，即学生转专业手续办理完毕15日内完成转专业学生的课程成绩认定；</p><p>3.由于学生本人未及时办理课程成绩认定，造成毕业审核未通过等问题，由学生本人负责。</p><p><span><span><strong>六、</strong>本次转专业学生成绩认定仍从原教务管理系统操作，认定结束后，由技术人员将数据迁移至新教务管理系统。</span></span></p><p><span><span><br/></span></span></p><p><span><span></span></span></p><p>&nbsp; &nbsp; &nbsp; &nbsp; &nbsp; &nbsp; &nbsp; &nbsp; &nbsp; &nbsp; &nbsp; &nbsp; &nbsp; &nbsp;教务处</p><p>&nbsp; &nbsp; &nbsp; &nbsp; &nbsp; &nbsp; &nbsp; &nbsp; &nbsp; &nbsp; &nbsp; &nbsp; &nbsp; &nbsp; 2022年4月6日</p>', NULL, NULL, '[\"我爱师大\"]', 3, '2024-12-15', 1, 4);
INSERT INTO `blog` VALUES (36, '选课！！！', '<p><font>各教学单位：</font></p><p><font>2024-2025</font><font>学年第二学期专业选修课补选、博约通识课正选工作安排如下：</font></p><p><font>一、专业选修课补选</font></p><p><font>学生正选课时若因人数不足停开，可补选其它课程。补选期间不可退课，请认真核对培养方案学分情况，慎重选择。多选课程不再处理退课。选课时，可点击课程名称，查看上课时间。为保证学生权益，补选结束后学院不允许停开课程。</font><font>&nbsp; </font></p><p><font>补选时间：</font><font>12</font><font>月</font><font>10</font><font>日</font><font>13:00</font><font>—</font><font>12</font><font>月</font><font>11</font><font>日</font><font>23:59</font></p><p><font>二、博约通识课（公共任选课）正选</font></p><p><font>&nbsp;</font><font>正选时间：</font><font>12</font><font>月</font><font>12</font><font>日</font><font>13:00</font><font>——</font><font>12</font><font>月</font><font>13</font><font>日</font><font>23:59</font></p><p><font>1.</font><font>修读学分要求</font></p><p><font>2022</font><font>版培养方案新增博约通识课程体系，包括博约经典、博约核心、博约百花课程。学生在校期间修读博约通识教育课程的总分不低于</font><font>18</font><font>学分，其中博约经典课程不低于</font><font>4</font><font>学分，博约核心课程不低于</font><font>12</font><font>学分，博约百花课程不低于</font><font>2</font><font>学分，详见下表：</font></p><p><img src=\"file:///C:\\Users\\86136\\AppData\\Local\\Temp\\ksohtml21228\\wps3.jpg\"/></p><p><font>2</font><font>选课要求</font></p><p><font>1.</font><font>适用对象与版本</font></p><p><font>2022</font><font>版培养方案的学生建议每学期选择</font><font>1-3</font><font>门博约通识教育课程，并在毕业前完成相应模块的学分要求。</font></p><p><font>2021</font><font>级学生需参考</font><font>2019</font><font>版培养方案对校选课的要求来选修博约通识课程，确保满足毕业所需的学分。</font></p><p><font>2.</font><font>选课规则</font></p><p><font>（</font><font>1</font><font>）学生应避免选修与本专业人才培养方案内同名的课程，以及不要重复选修已经取得学分的课程。</font></p><p><font>（</font><font>2</font><font>）在第一、第二学期未能选足特定模块课程的学生，可在第三学期通过线上课程进行补充学习。</font></p><p><font>（</font><font>3</font><font>）线上课程注意事项</font></p><p><font>选修线上课程的学生需要提前在</font><font>“学习通”</font><font>APP</font><font>内绑定单位“河南师范大学”。具体绑定步骤为：打开学习通</font><font>APP </font><font>→</font><font>&nbsp;</font><font>选择“我” → 点击姓名 → 绑定单位。</font></p><p><font>线上课程配有线下指导，线下基础指导次数为每学分</font><font>2</font><font>次，已排入教务系统。选课后请查看课表并按照规定时间上课。其他指导由任课教师视实际情况以补课形式进行。</font></p><p><font>3.</font><font>选课与退课</font></p><p><font>在正选期间，学生可以自行进行选课或退课操作。</font></p><p>	<font>统提供</font><font>“名额缓释”功能，即退选后的空余名额将在随机时间内释放，以便其他同学有机会选课。</font></p><p><font>4.</font><font>补选说明</font></p><p><font>博约课正选结束后，对于选课人数不足而停开的课程，学校将安排补选。补选时间另行通知。</font></p><p><font>3</font><font>部分博约课课程情况</font></p><p><font>1.</font><font>招生就业处开课课程情况说明：</font></p><p><font>《大学生职业规划》推荐大一或者大二学生选修；《大学生就业指导》推荐大三或大四学生选修。《创新创业教育》大一到大四学生均可选择。就业创业课堂上需要和学生进行深入互动和有针对性的指导，为了提升授课效果，课程班额限制在</font><font>30</font><font>人以内（线上线下一致），选够</font><font>15</font><font>人即可开课。</font></p><p><font>2.</font><font>其它课程选课建议：</font></p><p><font>《</font><font>AI</font><font>魔法师：生成式人工智能如何激发学习潜能》推荐大二年级以上修读，上课期间需用到个人电脑。</font></p><p><font>《经管科研导论》建议大一、大二年级修读。</font></p><p><font>《数字化生存之道</font><font>——大学生信息素养理论与实践》推荐一、二年级有一定的信息技术基础的学生修读。</font></p><p><font>《高性能计算导论》需要自备电脑，建议有</font><font>C</font><font>语言基础学生选课。</font></p><p><font>《计算机音乐制作》推荐有音乐基础的学生修读，上课期间需用到个人电脑。</font></p><p><font>《公务员、事业单位招考专题》建议大二年级以上学生修读。</font></p><p><font>《教育知识与能力》推荐报考教师资格证的学生修读。</font></p><p><font>《数学建模》建议大二年级以上，具有一定数学和编程基础，对数学建模感兴趣的同学修读。</font></p><p><font>《进阶韩国语》需先修读过《基础韩国语》，或有基础的学生修读。</font></p><p><font>《大学生心理健康教育》推荐大一第一学期修读。其他学期选修可随春季学期选课。</font></p><p><font>三、其他说明</font></p><p><font>1.</font><font>博约课选课前开放学生查看课表权限，开放时间以学院通知为准。开放后请进入教务系统查看下学期课表（上课任务），以对所开课程有全面了解。</font></p><p><font>2.</font><font>课表初定后会根据选课人数更换容量合适的教室，跨校区上课情况请告知学院教务员老师尽量更换。课表情况请以开学前查询为准。</font></p><p><font>3.</font><font>请各教学单位在学生选课前排定所有专业课程，无特殊原因不再调课；实验课时间安排若暂时无法确定请与学生充分沟通后再排课。若因实验课排课较晚或学生选完课后教师调课造成学生选课冲突，请学院（学部、书院）协调学生换组，教务处不再办理退课。</font></p><p><font>4.</font><font>专业课补重修报名、博约课补选工作另行通知。</font></p><p></p>', NULL, 'http://localhost:9090/files/1734267611713-图片9.png', '[\"每日一问\",\"分享心得\"]', 5, '2024-12-15', 1, 10);
INSERT INTO `blog` VALUES (37, '2024-2025学年第一学期专业选修课选课通知', '<p>各教学单位:<br/>依据校历时间安排，现就2024-2025学年第一学期专业选修课选课工作安排如下：<br/>一、正选前工作<br/>专业选修课的选课安排请参考本专业对应学期的培养方案。学生如对本专业的学科知识结构和学分制教学计划有不清楚的地方，可向所在专业的本科生导师、教务员、教学秘书或教学院长进行咨询。<br/>如果有同学忘记教务系统密码，请点击登录页面中的“忘记密码”找回凭证（默认为身份证号）根据提示自行找回，或咨询学院教务员进行密码重置。（教务系统的登录密码与办事大厅不一致，请勿混用）<br/>二、正选<br/>1.正选时间<br/>起始时间:2024年5月21日（周二）13:00<br/>结束时间:2024年5月22日（周三）19:00<br/>2.选课入口<br/>（1）可通过学校主页上的“办事大厅”中链接进入教务系统。<br/>（2）可通过<a href=\"https://jwc.htu.edu.cn\" target=\"_blank\">https://jwc.htu.edu.cn/</a>网址访问教务系统。<br/>方式：教务系统→报名服务→选课报名<br/><br/>3.注意事项<br/>（1）所有必修课系统自动预置，学生只需选择专业选修课程。<br/>（2）若理论课需要上相应的实验课（实践课），请两门课务必都选。<br/>（3）正选阶段可选可退。若选错，请在规定的正选时间段内退选重选，补选阶段不可退课。若因自身原因未在规定时间退课或选课，教务处不再处理。<br/>（4）选课后可随时在信息查询→上课任务中，查看下学期必修课预置情况、专业选修课选课情况。<br/>（5）已修读过并取得了学分的课程，未预置进班为正常情况。（确认方法：在系统中信息查询→学习计划，点击“预审”进行确认）若未修过课程未预置进班请及时与学院教务员联系。<br/>三、温馨提示：<br/>有上课任务即为选课成功。有些课程（实习实训）不需要排在课表中。未排课即在“课表查询”中无法查到，但在上课任务中可以查看，任课教师可以录入成绩。排过课表的课程可在“课表查询”中看到。<br/>四、其它事项<br/>1.请2021级学生务必认真核对培养方案，仔细查看自己的必修课学分及模块课程等学分是否达到毕业要求，以及是否还有不及格课程，留意补重修报名时间并按时选课，以免无法按期毕业。<br/>2.手机选课界面不稳定，建议电脑选课。为保证正常进入教务系统，推荐Google浏览器、360浏览器、搜狗浏览器、火狐浏览器、QQ浏览器等极速模式访问教务系统。不推荐使用IE浏览器。<br/>请各学院及有关单位根据文件要求认真组织、安排，务必顺利完成本次选课工作。<br/></p>', NULL, 'http://localhost:9090/files/1734267650554-图片7.png', '[\"我爱师大\"]', 5, '2024-12-15', 0, 10);
INSERT INTO `blog` VALUES (38, '河南师范大学大一新生选课求助', '<p><font>河南师范大学大一新生选课求助学长学姐</font></p><p></p>', NULL, 'http://localhost:9090/files/1734267702873-图片10.png', '[\"分享心得\"]', 5, '2024-12-15', 2, 10);
INSERT INTO `blog` VALUES (39, '河南师范大学学生资助工作六个沟通渠道', '<p>为了将国家和学校的学生资助政策认真落实到位，确保学生能全面了解各项资助政策，并对学生的各种疑惑能第一时间掌握和反馈，我校开通了六个学生资助工作沟通渠道，受理并解决学生的各种资助问题。请各学院将以下六种渠道告知每位学生：<br/>1.咨询电话：0373-3329374&nbsp;&nbsp;3329375<br/>2.河南师大微服务：在线咨询学生资助有关问题<br/>3.官方网站：蓝天网<a href=\"http://www.htu.edu.cn/stu/main.htm\" target=\"_blank\">http://www.htu.edu.cn/stu/main.htm</a><br/>4.官方微博：河南师范大学学生资助服务中心<br/>5.官方微信号：hnsfdxxsc<br/>6.官方QQ群号：584041190（奖助学金等）&nbsp;614780018（助学贷款等）<br/></p>', NULL, 'http://localhost:9090/files/1734267751335-图片9.png', '[\"分享心得\",\"我爱师大\"]', 5, '2024-12-15', 0, 8);
INSERT INTO `blog` VALUES (40, '河南师范大学学生勤工助学管理办法', '<p><b><font>第十条</font></b><b>&nbsp;&nbsp;</b><font>勤工助学岗位设置以校内岗位为主，校外岗位为辅。</font></p><p><b><font>第十一条</font></b><b>&nbsp;&nbsp;</b><font>校内勤工助学岗位设置以校内学生管理工作，助研、助管、助教工作，科技开发和技能培训服务、后勤生活服务工作，校园文明文化守护创建等公益性岗位为主。固定岗位原则上实行一人一岗制。</font></p><p><b><font>第十二条</font></b><b>&nbsp;&nbsp;</b><font>各单位设置勤工助学岗位时，应充分考虑学生个体因素和工作性质，努力实现</font><font>“人岗匹配，劳有所得，学有所助”。</font></p><p><b><font>第十三条</font></b>&nbsp;&nbsp;<font>不得让学生完全代替在编工作人员应从事的工作。</font></p><p><b><font>第十四条</font></b><b>&nbsp;&nbsp;</b><font>各单位应按照以下要求设置勤工助学岗位：</font></p><p><font>（一）各学院勤工助学工作小组统筹安排、合理设置面向本学院的勤工助学固定岗位，每学年开学两周内填写《河南师范大学勤工助学岗位设置统计表》</font>,<font>报学生资助服务中心审批后向全院学生公布。学院内的临时岗位由各学院根据实际情况自行设置，但每月设置的临时岗位数不得超过固定岗位数的</font>1/3<font>；</font></p><p><font>（二）勤工助学指导科负责的勤工助学岗位，本着按需设岗、合理布局的原则，每学年末核定次年勤工助学岗位需求量；</font></p><p><font>（三）勤工助学指导科不定期抽查校内各勤工助学岗位设置情况，若出现不符合岗位设置、职责要求的现象，勤工助学指导科将与用工单位协商取消已设岗位，或提出改进建议和处理措施；</font></p><p><font>（四）岗位设置的工作时间不能影响学校的正常教学、生活秩序和校园管理，不得影响学生的上课时间。</font></p><p></p>', NULL, 'http://localhost:9090/files/1734267798338-图片2.png', '[\"每日一问\"]', 5, '2024-12-15', 0, 8);
INSERT INTO `blog` VALUES (41, '河师大 勤工助学报酬是多少呀？', '<p><font>想问一下有在这些勤工助学岗位工作经历的前辈，这些可不可以去？自己的课也比较满，就周六周日有空闲勤工助学岗位申请</font></p><p></p>', NULL, 'http://localhost:9090/files/1734267837924-图片8.png', '[\"新生求助\"]', 5, '2024-12-15', 1, 8);
INSERT INTO `blog` VALUES (42, '河南师范大学：坚持“五力”“五注重”用心用情做好助学贷款工作', '<p><font>近年来，河南师范大学立足助学贷款工作实际，积极探索，助学贷款覆盖率逐年提高，学生助学贷款到期本息</font><font>“违约率”连年全省最低，</font><font>2023</font><font>年度全校助学贷款申请人数达</font><font>14350</font><font>人，助学贷款金额</font><font>1.57</font><font>亿元、位列全省第一。其中，校园地助学贷款申请人数明显增加，有效解决了家庭经济困难学生的就学问题，真正做到了家庭经济困难学生“应助尽助、应贷尽贷”。 &nbsp;&nbsp;</font></p><p><font>一、注重顶层设计，提高工作保障力</font> &nbsp;&nbsp;&nbsp;<font>成立工作领导小组，确保组织到位。学校党委书记、校长任组长，分管学生工作校领导任副组长，党政办、宣传部、学工部、纪委监察、教务处、招就处、财务处、各院（部）等单位负责人为成员，统筹指导全校学生贷款工作。</font> &nbsp;&nbsp;&nbsp;<font>优化工作架构体系，确保协调到位。实行校、院（部）、班三级联动，建立以学校、学院（部）、班级</font><font>“三位一体”的国家助学贷款管理体系，确保国家助学贷款政策精准落地。 &nbsp;&nbsp;&nbsp;建立健全规章制度，确保保障到位。积极对接上级政策要求，及时修订《国家助学贷款风险补偿资金管理办法》《国家助学贷款工作管理办法》等多项办法，完善制度保障，使贷款工作更加科学、规范、精细、好操作。 &nbsp;&nbsp;&nbsp;</font></p><p><font>二、注重主动作为，增强工作创新力</font> &nbsp;&nbsp;&nbsp;<font>师生携手宣传资助政策。学校</font><font>25</font><font>个学院历时月余奔赴全省百所省级示范性高中开展招生和资助政策宣传活动，举办宣讲专场报告会百余场，为家庭经济困难考生送去“及时雨”，吃下“定心丸”。学生社会实践调研团分赴省内外开展“国家资助政策乡村行”宣讲活动，传递政府温暖。组织“青春导航员”助梦困难学生。创新性实施“青春导航员”计划，为每位新生配备</font><font>1</font><font>名高年级优秀学长担任“青春导航员”，在新生收到录取通知书的第一时间，“青春导航员”主动与其联系，了解新生家庭情况，宣传贷款政策，指导办理贷款，帮助克服困难，激励新生树立成长成才信心。 &nbsp;&nbsp;&nbsp;彰显新媒体功能提高影响力度。自主研发“智慧学工”，日均发出通知提醒</font><font>4</font><font>万余次，可将贴心服务送到学生的心坎上，让助学贷款工作更及时、更精准、更便捷、更高效。充分发挥学工部官微影响力优势，加大国家助学贷款政策宣传推介力度，营造“应助尽助、应贷尽贷”的良好氛围。</font></p><p><font>三、注重考核考评，发挥示范引领力</font> &nbsp;&nbsp;&nbsp;<font>确保</font><font>“重视一线、激励一线”。注重加大对学院助学贷款工作的支持和倾斜力度，明确规定将每年全校风险补偿金奖励资金的</font><font>60%</font><font>中用于各院贷款工作的直接经费占</font><font>40%</font><font>（宣传教育、业务培训、工作交流、通讯和交通费用等），用于助学贷款工作的绩效奖励占</font><font>20%</font><font>（贷款到期本息违约率、贷款工作实绩），切实增强各院（部）贷款工作积极性。 &nbsp;&nbsp;&nbsp;确保“考核有制、考评有度”。坚持“以考促干、以考促建、以考促优”的工作理念，不断加强监督考核和综合考评机制，重点对各院（部）日常助学贷款工作、当年校园地国家助学贷款申请比例、助学贷款到期本息“违约率”“诚信校园行”活动参与情况等进行考核考评，构建管理考核全链条，做到干了什么考核什么、干得如何考核结果说话。 &nbsp;&nbsp;&nbsp;确保“做出典型、评出先进”。开展助学贷款先进集体、先进个人评选，每年度依据考核考评指标对各院（部）助学贷款工作进行绩效考评，对综合考评前</font><font>10</font><font>名的院（部）进行奖励。同时，每年把各院（部）助学贷款工作绩效考评情况，作为重要指标纳入学生工作年度考评，进一步凸显贷款工作分量，督促做好助学贷款工作。</font></p><p><font>四、注重诚信教育，提示文化育人力</font> &nbsp;&nbsp;&nbsp;<font>教育形式很多样。学校创新性开展</font><font>“会师星期一”学工队伍进一线活动，把诚信教育融入“会师”之中，做到诚信教育周周讲、月月讲，坚持将诚信教育融入学生教育全过程；此外，还通过诚信教育经验交流会、诚信主题班会等形式，树立学生诚信意识，培养学生诚信品质。 &nbsp;&nbsp;&nbsp;教育内容很丰富。积极参加河南省“诚信校园行”活动，自主编排诚信音乐剧、校园优秀短剧等，在各单位电子屏和课前进行展播，丰富诚信教育内容载体。定期邀请公安、金融监管、网络安全等部门专业人员开展金融知识培训，引导学生树立正确消费观、荣辱观、价值观，明确将网络刷单、电信诈骗等不诚信及违法行为写进学生违纪处分规定，并在其综合考评中予以体现，警示学生遵规守纪、诚信做人。</font></p><p><font>五、注重贷款偿还，强化风险管理力</font> &nbsp;&nbsp;&nbsp;<font>强化信息支持，沟通即时即刻。按时还本付息是贷款工作的重要环节，学校依托</font><font>“河南师范大学智慧学工”平台，发挥其便捷的信息发布功能，为贷款学生及时发送还款时间、利息变更等相关信息，对违约后果进行短信提醒。 &nbsp;&nbsp;&nbsp;加强人文关怀，覆盖线上线下。把握还款还息、节假日、关键考试等重要时间节点，组织学生工作队伍线上线下双线行动，通过“会师面对面”“智慧学工键对键”，为贷款学生送政策、送温暖、送关怀。同时，每年开展国家助学贷款学生家访联系活动，重点走访拖欠本息或贷款到期未还款学生，实现家校积极联动，合力推动贷款偿还。 &nbsp;&nbsp;&nbsp;鼓励提前还款，教育诚心诚意。进一步修订《国家助学贷款工作管理办法》，明确将毕业前结清助学贷款的学生每人发放</font><font>100</font><font>元补贴的做法以制度的形式固定下来，切实增强学生还款积极性，进一步强化学生诚信意识，整体提升全校还款工作质量。 </font></p><p></p>', NULL, 'http://localhost:9090/files/1734268510542-图片15.png', '[\"我爱师大\"]', 2, '2024-12-15', 1, 11);
INSERT INTO `blog` VALUES (43, '国务院常务召开会议  决定延续实施国家助学贷款免息及本金延期偿还政策', '<p><font>会议指出，推动外贸稳规模优结构，对稳增长稳就业、构建新发展格局、推动高质量发展具有重要支撑作用。要针对不同领域实际问题，不断充实、调整和完善有关政策，实施好稳外贸政策组合拳，帮助企业稳订单拓市场。要想方设法稳住对发达经济体出口，引导企业深入开拓发展中国家市场和东盟等区域市场。要发挥好外贸大省稳外贸主力军作用，鼓励各地因地制宜出台配套支持政策，增强政策协同效应。</font> &nbsp;&nbsp;&nbsp;</p><p><font>会议审议了《无人驾驶航空器飞行管理暂行条例（草案）》。会议强调，要全面贯彻落实总体国家安全观，统筹发展和安全，以实施《条例》为契机，规范无人驾驶航空器飞行以及有关活动，积极促进相关产业持续健康发展，有力维护航空安全、公共安全、国家安全。坚持安全为本，着眼生产销售、组装改装、登记识别、人员资质、运行监控等全链条，加快完善监管体制机制，健全监管服务平台，提升监管服务能力，确保飞行活动安全有序。坚持创新驱动发展，大力推进关键核心技术攻关，加快构建自主可控、安全可靠的产业链供应链，促进技术融合创新，丰富应用场景，完善产业生态，更好推动相关产业高质量发展。</font> &nbsp;&nbsp;&nbsp;<font>为进一步减轻家庭经济困难高校毕业生负担，会议决定，继续免除今年及以前年度毕业的贷款学生今年内应偿还的国家助学贷款利息，本金部分可再申请延期</font>1<font>年偿还，延期贷款不计罚息和复利。会议强调，目前高校毕业生就业已进入关键阶段，要不断优化完善相关稳就业政策，加大对吸纳高校毕业生数量多的企业的政策、资金支持，深入实施</font><font>“</font><font>三支一扶</font><font>”</font><font>等计划，推动应届毕业生多渠道就业。</font></p><p></p>', NULL, 'http://localhost:9090/files/1734268561600-图片16.png', '[\"每日一问\"]', 2, '2024-12-15', 2, 11);
INSERT INTO `blog` VALUES (44, '关于2022年度国家助学贷款申请工作的通知', '<p>&nbsp;<font>根据河南省教育厅</font> <font>国家开发银行河南省分行《关于</font><font>2022</font><font>年度高校国家助学贷款工作有关问题的通知》（教资助〔</font><font>2022</font><font>〕</font><font>173</font><font>号）文件精神和河南省教育厅、国家开发银行河南省分行</font><font>2022</font><font>年度国家助学贷款工作统一安排，为更好的缓解家庭经济困难学生后顾之忧，帮助他们安心求学，促进教育公平，就进一步做好我校</font><font>2022</font><font>年新生校园地国家助学贷款申请工作。</font></p><p><font>工作要求</font> &nbsp;<font>1.</font><font>加强宣传。各学院要围绕“资助育人，立德树人”这一根本遵循，鼓励每一名学生应贷尽贷，保证每一名学生入学不愁，上学无忧，不让任何一名学生因家庭经济困难而失学。各学院积极宣传最新政策，加大对受疫情洪灾影响学生的宣传力度，鼓励建议学生选择“校园地国家助学贷款”。 &nbsp;</font><font>2.</font><font>主动引导。各学院（部）要主动引导学生本着勤俭节约的原则，结合自身在校期间日常生活的实际需要，合理、适度提高贷款额度（或确定申贷额度），努力向学、学以致用，增强就业和报效国家的能力。确保贷款额度合理、使用范围符合政策要求。 &nbsp;</font><font>3.</font><font>做好指导。各学院（部）要提醒申贷学生认真阅读公告，本着“应贷尽贷”原则，指导学生合理确定贷款额度，既满足学生实际需求，又引导学生勤俭节约、努力向学，指导学生完成高校助学贷款额度提高操作，避免出现舆情。要创新工作方式，简化办理程序，充分利用信息技术手段提高受理效率，避免出现学生、家长排长队等候和往返奔波的现象，确保助学贷款工作平稳有序开展。</font></p><p></p>', NULL, 'http://localhost:9090/files/1734268615122-图片12.png', '[\"每日一问\"]', 2, '2024-12-15', 3, 11);
INSERT INTO `blog` VALUES (45, '报考公务员须知', '<p><font>考不考公务员主要是要看个人的性格和理想取向，收入因素只能是其中一个参考因素。因为收入的高低主要不是职业的影响，而是与个人的努力和能力特长相关，任何一种职业都有高收入群体和低收入群体。作为在校生的你，是否也有考公务员的打算呢？</font></p><p>Q<font>：报考公务员有什么利与弊？ </font><font>A</font><font>：公务员群体的收入比较稳定，不会受到外围经济环境的影响。初期收入属于中上水平，中后期收入增长比较稳定，没有太多的收入风险。就像目前我们所经历的金融海啸，不少企业都在裁员降薪以度过经济危机，而公务员的收入由国家统一保障，所以在金融危机期间，公务员这一职业的抗风险能力是最强的。另外，公务员岗位的福利保障比较全面，社会地位比较高。 但是，客观而言，凡事有利必有弊。相对于企业而言，公务员考试难度较大，有可能需要较长的备考时间，机会成本较大。同时，由于公务员收入增长的</font><font>“</font><font>稳定性</font><font>”</font><font>，中后期收入，相对于其他职业而言，比较缓慢，不存在有</font><font>“</font><font>爆发性增长</font><font>”</font><font>的可能。 同时，公务员的晋升是比较</font><font>“</font><font>缓慢</font><font>”</font><font>的，有严格的晋升年限的制约。同时，按部就班的工作模式也不适合喜欢挑战自我的大学生。而在企业中，或许某一年，甚至某一次机会把握住了，很可能便是职位和收入的大幅提升。 总体而言，考不考公务员主要是要看个人的性格和理想取向，收入因素只能是其中一个参考因素，而不应该是主要因素。因为收入的高低主要不是职业的影响，而是与个人的努力和能力特长相关，任何一种职业都有高收入群体和低收入群体。 如果性格是比较喜欢</font><font>“</font><font>快速成功</font><font>”</font><font>的同学，就不建议报考公务员了，因为公务员这个职业讲究的是</font><font>“</font><font>厚积薄发</font><font>”</font><font>。同时奉劝所有有志于考取公务员同学，一定要确定你自己是否喜欢从事公共管理工作，是否有愿意为此而努力的理想。因为相对于企业而言，公务员是不能随意跳槽的。企业员工跳槽，大致会因为工作经验而受到新雇主的青睐。但如果是公务员</font><font>“</font><font>跳槽</font><font>”</font><font>出来，可能之前所有的工作的经验都会有用不上的感觉。因为</font><font>“</font><font>公共管理</font><font>”</font><font>和</font><font>“</font><font>商业管理</font><font>”</font><font>是有很大区别的。 </font></p><p>Q<font>：报考公务员有什么需要注意的？ </font><font>A</font><font>：须知一：不同地区的公务员收入差距非常大 一般是东部高于西部，沿海高于内地，大城市高于中小城市。相对而言，经济发达地区，如直辖市、省会城市、经济特区的公务员收入相对比较高，也是报考人数较多的地区。 须知二：不同岗位公务员的工作强度也是参差不齐 很多人认为公务员这个职业相对属于比较</font><font>“</font><font>安逸</font><font>”</font><font>的职业，其实只能说绝大部分的岗位相对而言，工作强度不大，但也有例外。其中类似警察这类的执法岗位，工作强度就非常大。另外，在小城镇的公务员，由于编制受限，工作人员相对不足，可以说在基层，很多时候需要大事小事都一人包干，所以工作强度也会比较大。 须知三：不同学历的报考者，在被录取后所确定的行政级别是有差异的 对于刚入职的公务员，本科入职后定编为科员，全日制硕士研究生定编为副主任科员，全日制博士研究生定编为主任科员 而机关内定编制是看学历，不看学位的。因此，非全日制研究生学位的获得者一般是不能套上相应的级别的。 须知四：不同层次公务员考试所考取的职位在晋升空间上也是有差异的 相对而言，在中央部委和省级机关就职的公务员，在内部的晋升空间是大于在基层岗位的。按照本科生来计算，在中央部委和省级机关就职的公务员，</font><font>“</font><font>非领导岗位的公务员</font><font>”</font><font>最高可以晋升到主任科员的位置。而在县级或地级市的岗位中，相对空间就会小一些。当然，如果是研究生的话，一开始就可以定编到较高的位置。 另外，级别只是工资级别，不一定是代表实际的领导岗位。比如说，某位公务员的行政级别是主任科员，不代表一定是一位</font><font>“</font><font>科长</font><font>”</font><font>，其很可能只是拥有</font><font>“</font><font>正科级的待遇</font><font>”</font><font>，其身份可能仍然是</font><font>“</font><font>非领导岗位的公务员</font><font>”</font><font>，不代表已被任命为</font><font>“</font><font>人事科的科长</font><font>”</font><font>。</font></p><p>&nbsp;Q<font>：公务员新人怎样处理好人际关系？ </font><font>A</font><font>：与大学校园中略显简单的人际关系相比，大学生进入机关之后，需要处理好三大人际关系：自己与部门领导的关系、自己与机关内老同志的关系、自己与行政相对人的关系。 </font><font>1</font><font>、与部门领导的关系 处理秘诀：</font><font>“</font><font>少说话，多做事。</font><font>” </font><font>建议新入职的公务员在工作的起步阶段，一定要尽可能服从组织安排，不要怕苦怕累。因为很多时候，第一印象是很重要。一旦让领导感觉你是一个懒惰的新人，基本上在未来的工作中不大可能获得信任。 另外，切忌不要在背后谈论机关事务的合理性或同事的隐私，领导最讨厌在机关内做</font><font>“</font><font>背后评论</font><font>”</font><font>的同事。其实归结起来就是一句话：</font><font>“</font><font>少说话，多做事。</font><font>” </font><font>进入机关之后，不必要在众人面前刻意讨好领导，其实很多时候，踏踏实实做好本职工作就可以了，切勿有</font><font>“</font><font>画蛇添足</font><font>”</font><font>之举。 </font><font>2</font><font>、与机关内老同志的关系 处理秘诀：谦虚好学，尊重他人。 或许，很多新入职的大学生们，在进入机关之后，霎那间可能会有一些</font><font>“</font><font>自满</font><font>”</font><font>的情绪，因为你可能会发现很多机关老同志的学历并不如你。但要知道</font><font>“</font><font>学历不等于能力</font><font>”</font><font>，刚入机关的新人，在机关中第一个引领你融入这个环境的一定是老同志，而不可能是领导。 名牌大学或高学历的同学，切忌不要老是</font><font>“</font><font>缅怀</font><font>”</font><font>过去的</font><font>“</font><font>光辉岁月</font><font>”</font><font>，口中不要时常</font><font>“</font><font>挂着</font><font>”</font><font>母校。因为你已经毕业了，一切都是过眼云烟，以前再牛，现在还是要从基层做起，心态一定要摆正。因为现在的机关生活将是一个新的开始。 </font><font>3</font><font>、与行政相对人的关系 处理秘诀：准确把握法律原则，耐心解释国家政策。 很大部分的行政公务员，其实都需要面对行政相对人。但很多时候，我们对行政相对人的要求常常是要说</font><font>“</font><font>不</font><font>”</font><font>的。而这个时候，相当多的行政相对人可能恶言相向，或是用</font><font>“</font><font>糖衣炮弹</font><font>”</font><font>飞袭过来。这时，就需要我们的公务员能准确把握法律原则，不偏不倚。 行政工作中，为避免</font><font>“</font><font>不必要的误解和麻烦</font><font>”</font><font>，应尽量避免</font><font>“</font><font>口头答复</font><font>”</font><font>行政相对人，应该按照行政工作的流程尽量</font><font>“</font><font>书面答复</font><font>”</font><font>。因为一旦对方</font><font>“</font><font>居心不良</font><font>”</font><font>，很可能会让你的行政工作处于极度被动的地位。 </font></p><p>Q<font>：公务员入职后有什么途径提升自我？ </font><font>A</font><font>：途径一：</font><font>MPA</font><font>教育 </font><font>MPA</font><font>是公共管理硕士</font><font>(Master of Public Administration)</font><font>专业学位的英文简称，重点招收政府部门和非政府公共管理机构人员，需要毕业三年以后才能报考。考试科目：政治理论、外国语</font><font>(</font><font>英语、日语、俄语</font><font>)</font><font>、公共管理基础、综合知识（语文、数学、逻辑），共计</font><font>4</font><font>门。其中，政治理论由各招生单位单独组织，时间自行安排；其余</font><font>3</font><font>门全国联考。一般来说，报读</font><font>MPA</font><font>的公务员都会得到单位的学费补贴。 途径二：参加公选考试，获得破格提拔 笔试科目一般包括综合素质、领导工作案例和外语三科，主要测试报考者履行职位职责应具备的素质能力。笔试成绩按综合素质和领导工作案例两科各占</font><font>50%</font><font>的比例计算。综合素质的考察范围很广，涵盖了政治、法律、经济等多门学科的专业知识，以选择题为主。领导工作案例主要是考察笔试者解决实际行政案例的能力，以主观题为主。另外，目前大部分省区的公选考试中，外语成绩主要是用来划分及格线，尚未计入总成绩。</font></p><p><br/></p><p></p>', NULL, 'http://localhost:9090/files/1734268668849-图片20.png', '[\"每日一问\"]', 2, '2024-12-15', 0, 6);
INSERT INTO `blog` VALUES (46, '中央机关及其直属机构2025年度考试录用公务员报名即将开始', '<p><font>本次考试录用公务员工作主要有</font>3<font>个方面特点：</font></p><p><font>一是突出政治标准这个首要标准。坚持党管干部原则，坚持德才兼备、以德为先、五湖四海、任人唯贤，坚持新时代好干部标准，把政治标准和政治要求贯穿全过程各方面，对政治上不合格的坚决不予录用。其中，笔试、面试内容突出公务员的政治属性，行政职业能力测验科目增设</font><font>“</font><font>政治理论</font><font>”</font><font>部分，重点测查用党的创新理论指导分析和解决问题的能力；考察全面了解考生的德、能、勤、绩、廉，重点了解政治素质、道德品行、遵纪守法等方面情况。</font></p><p><font>二是坚持充实和稳定基层力量。有</font>2.75<font>万个计划补充到县（区）级及以下直属机构，根据实际对艰苦边远地区基层职位的学历、专业、工作年限和经历等报考条件进行适当调整，进一步充实基层公务员队伍。设置</font><font>3000</font><font>余个计划定向招录服务基层项目人员和在军队服役</font><font>5</font><font>年以上的高校毕业生退役士兵，鼓励引导人才向基层一线流动、积极投身国防事业。按照党中央、国务院关于做好高校毕业生就业工作有关部署要求，设置</font><font>2.67</font><font>万个计划专门招录应届高校毕业生，服务和促进高校毕业生就业。</font></p><p><font>三是精准科学推进分类分级考试。公共科目笔试主要测查从事公务员工作应当具备的基本素质能力，考试内容根据不同职位类别、不同层级机关特点分别设置，对中央机关及其省级直属机构综合管理类职位突出测评理论思维、综合分析等方面能力，对市（地）级及以下直属机构综合管理类职位突出测评贯彻执行、基层工作等方面能力，对行政执法类职位突出测评依法办事、公共服务等方面能力。面试方式和内容由招录机关根据招考职位的性质、特点等研究确定，注重体现履职要求。部分招录机关对考生的专业能力进行测查评价，有</font>13<font>个部门在笔试阶段组织专业科目笔试、</font><font>48</font><font>个部门在面试阶段组织专业能力测试。国家公务员局郑重提醒，诚信是社会主义核心价值观的重要内容，是做人之本、立业之基，更是成为一名公务员的基本条件，希望广大考生从选择报考的那一刻起，就自觉践行诚信要求，诚信报名、诚信考试、诚信守约。本次招考不出版也不指定考试辅导用书，不举办也不委托任何机构或者个人举办考试辅导培训班。对于社会上有关公务员考试培训、网站或者出版物等，请广大考生提高警惕、理性对待，避免上当受骗，防止权益受损。公务员主管部门将会同有关部门加强管理监督，打击考试作弊，查处违规行为，营造公平公正、安全有序的考试环境。</font></p><p></p>', NULL, 'http://localhost:9090/files/1734268711578-图片22.png', '[\"考公\"]', 2, '2024-12-15', 0, 6);
INSERT INTO `blog` VALUES (47, '2025公务员省考报名陆续开启，多地将同日开考', '<p><font>多省份将同日举行笔试</font></p><p><font>截至</font>11<font>月</font><font>8</font><font>日，四川、上海、浙江、山东、天津、江苏等</font><font>6</font><font>个省份已发布</font><font>2025</font><font>年省考公告，报名正在本月进行中。当前，浙江、山东、天津、江苏四省份报名尚未截止。本次浙江省考报名时间为</font><font>11</font><font>月</font><font>6</font><font>日</font><font>9</font><font>时</font><font>—11</font><font>月</font><font>11</font><font>日</font><font>17</font><font>时，山东省考报名时间为</font><font>11</font><font>月</font><font>8</font><font>日</font><font>9</font><font>：</font><font>00</font><font>至</font><font>11</font><font>月</font><font>11</font><font>日</font><font>16</font><font>：</font><font>00</font><font>，天津市考报名时间为</font><font>11</font><font>月</font><font>8</font><font>日</font><font>8</font><font>：</font><font>30</font><font>至</font><font>11</font><font>月</font><font>14</font><font>日</font><font>18</font><font>：</font><font>00</font><font>，江苏省考报名时间为</font><font>11</font><font>月</font><font>12</font><font>日</font><font>9</font><font>：</font><font>00</font><font>至</font><font>11</font><font>月</font><font>18</font><font>日</font><font>16</font><font>：</font><font>00</font><font>。报名结束后，通过资格初审的报考者须在规定时间内进行缴费确认和打印准考证。根据公告，六省份将于</font><font>12</font><font>月</font><font>8</font><font>日同日举行公共科目笔试。具体为</font><font>12</font><font>月</font><font>8</font><font>日上午进行行政职业能力测验科目考试，下午进行申论科目考试。专业科目笔试时间为</font><font>12</font><font>月</font><font>7</font><font>日下午。部分省份明确，报考者可于</font><font>2025</font><font>年</font><font>1</font><font>月上旬或中旬查询笔试成绩及合格分数线，面试集中于</font><font>2</font><font>月中下旬。</font></p><p><font>招录计划倾向应届生和基层本届省考中，诸多省份招录计划向应届高校毕业生和基层一线倾斜，具体体现在招录条件限制、招录人数等方面。例如，上海明确，年龄在</font>18<font>周岁以上，</font><font>35</font><font>周岁以下</font><font>(1988</font><font>年</font><font>11</font><font>月至</font><font>2006</font><font>年</font><font>11</font><font>月期间出生</font><font>)</font><font>，应届硕士、博士研究生报考的，放宽到</font><font>40</font><font>周岁以下</font><font>(1983</font><font>年</font><font>11</font><font>月以后出生</font><font>)</font><font>。报考工青妇机关专职干部中工会、妇联系统职位的，放宽到</font><font>40</font><font>周岁以下</font><font>(1983</font><font>年</font><font>11</font><font>月以后出生</font><font>)</font><font>。据江苏省公务员局介绍，</font><font>2025</font><font>年度江苏省共编制了</font><font>9504</font><font>个录用计划，其中，省级机关</font><font>190</font><font>个，市级机关</font><font>1784</font><font>个，县级机关</font><font>5283</font><font>个，乡镇</font><font>(</font><font>街道</font><font>)</font><font>机关</font><font>1855</font><font>个，省以下垂直管理机构、直属机构</font><font>392</font><font>个。本次江苏省考坚持大抓基层的鲜明导向，将全省</font><font>80%</font><font>左右的录用计划设置在县乡一线，面向原大学生村官，</font><font>“</font><font>西部计划</font><font>”</font><font>、</font><font>“</font><font>三支一扶</font><font>”</font><font>计划、</font><font>“</font><font>志愿服务乡村振兴计划</font><font>”</font><font>志愿者等服务基层项目人员以及服现役满五年的江苏省户籍或生源普通高校毕业生退役军人招录</font><font>530</font><font>人，面向优秀村</font><font>(</font><font>社区</font><font>)</font><font>党组织书记</font><font>(</font><font>主任</font><font>)</font><font>招录</font><font>79</font><font>人，省级层面重点帮促的</font><font>6</font><font>个片区、</font><font>2</font><font>个革命老区和</font><font>12</font><font>个县区将</font><font>158</font><font>个录用计划面向本县</font><font>(</font><font>市、区</font><font>)</font><font>户籍</font><font>(</font><font>或生源</font><font>)</font><font>人员招录，进一步充实、稳定基层公务员队伍。</font></p><p></p>', NULL, 'http://localhost:9090/files/1734268813304-图片19.png', '[\"每日一问\"]', 2, '2024-12-15', 1, 6);
INSERT INTO `blog` VALUES (48, '《关于开展 2023-2024 学年研究生评优评先工作的通知》', '<p><font>各培养单位：</font></p><p><font>为激励广大研究生勤奋学习、刻苦钻研，树立青年学生的先进榜样，展示我校研究生良好的精神风貌，根据</font><a href=\"https://www.htu.edu.cn/yjsxy/2024/1010/c2797a322451/page.htm\"><u><span><font>《河南师范大学研究生奖励管理办法》（师大研〔</font><font>2020〕4号）</font></span></u></a><font>有关规定，现就</font><font>2023—2024学年研究生评优评先工作通知如下：</font></p><p><b><font>一、评选项目</font></b></p><p><font>1、河南师范大学“三好研究生标兵”；</font></p><p><font>2、河南师范大学“三好研究生”；</font></p><p><font>3、河南师范大学“优秀研究生干部”。</font></p><p><b><font>二、评选对象</font></b></p><p><font>我校</font><font>2022级、2023级全日制在校硕士研究生；2021级、2022级、2023级全日制在校博士研究生。</font></p><p><b><font>三、评选要求</font></b></p><p><font>1、评优评先工作具体由学院（部）负责组织实施。评优评先工作开始前，组织本院（部）相关人员和研究生认真学习《河南师范大学研究生奖励管理办法（修订）》（见研究生手册或研究生院主页“规章制度”），各学院（部）须按照本院（部）评优评先实施细则，以年级为单位评选。各学院(部)2024年研究生评优评先实施细则如有修订，请于10月15日前重新报送；</font></p><p><font>2、评优评先标准及名额严格按照《河南师范大学研究生奖励管理办法》有关规定执行，名额计算结果四舍五入。</font></p><p><font>3、各学院（部）“三好研究生”人数不超过学院（部）参加综合测评总人数的30%（含30%），学院（部）“三好研究生”排名的前10%（含10%）为“三好研究生标兵”（只填“三好研究生标兵申请表”不再填写“三好研究生申请表”）。“三好研究生标兵”的评选条件与“三好研究生”的评选条件相同。“优秀研究生干部”不超过本院（部）研究生参评总人数的5％（含5%）。校研究生会“优秀研究生干部”的评选由党委研究生工作部和校团委组织，人数不超过受奖研究生干部总数的25%（含25%）。</font></p><p><font>4、各培养单位评优评先工作应当认真细致、公正透明，按时完成。各项评优评先结果在报送前应当向本单位全体研究生公布，公示期为3天。</font></p><p><b><font>四、评选步骤</font></b></p><p><font>1、本人提出申请(并提交证明材料复印件)，各院（部）以班级为单位投票评选，推荐候选人；</font></p><p><font>2、各院（部）研究生辅导员负责汇总候选人名单，并征求导师意见，上报院（部）学生工作领导小组初审；</font></p><p><font>3、各院（部）学生工作领导小组审核后，在本单位范围内公示；公示无异议，组织填写相关申请材料，报党委研究生工作部、研究生院审批；</font></p><p><font>4、各学院（部）填写《河南师范大学研究生评优评先汇总表》（附件4）和《河南师范大学研究生评优评先公示名单》（附件5）。</font></p><p><font>5、各学院（部）应组织候选研究生统一规范填写《河南师范大学“三好研究生标兵”申请表》（附件1）、《河南师范大学“三好研究生”申请表》（附件2）和《河南师范大学“优秀研究生干部”申请表》（附件3）等（照片粘贴或打印都行）；由副书记或主管副院长签字，表格一律用A4纸打印，一式2份，无须手工填写，不要电子版。</font></p><p><font>注：上述材料（附件</font><font>1-5）纸质版（加盖公章）报送至文渊楼113房间研究生院学生管理科，电子版（附件4-5）发至邮箱：hsdygb2020@126.com。</font></p><p><font>6、党委研究生工作部、研究生院负责最终审核各院（部）候选人名单，在全校范围内张榜公示，听取意见；经公示无异议后公布最终获得者名单并颁发证书。</font></p><p><b><font>五、时间安排</font></b></p><p><font>1、10月16日—10月18日，学院（部）评选及公示阶段；</font></p><p><font>2、10月21日—10月22日，各学院（部）报送材料时间：</font></p><p><font>10月21日，数学、物理、外语、体育、政管、计科、文学、教育、历史、旅游、国家重点实验室、图书与档案管理中心、电波研究生院；</font></p><p><font>10月22日，化学、生科、美术、法学、音乐、商学、社会、环境、水产、电子、马院、材料。</font></p><p><font>3、学校审核、公示阶段。</font></p><p></p>', NULL, 'http://localhost:9090/files/1734268997721-图片9.png', '[\"我爱师大\"]', 4, '2024-12-15', 0, 5);
INSERT INTO `blog` VALUES (49, '《关于开展河南师范大学2024届校级优秀毕业研究生评选工作的通知》', '<p><font>各培养单位：</font></p><p><font>根据《河南师范大学研究生奖励管理办法（修订）》（师大研〔</font><font>2020〕4号）相关规定，现将我校2024届校级优秀毕业研究生（校级）评选工作通知如下：</font></p><p><font>一、评选范围</font></p><p><font>2024年全日制普通应届毕业研究生（含全日制和非全日制硕士研究生、博士研究生）。如因各种原因延迟毕业的研究生不能申报。</font></p><p><font>二、评选比例</font></p><p><font>根据评选条件，不设人数限制。</font></p><p><font>三、评选条件</font></p><p><font>1、能严格遵守国家法规和学校的各项规章制度，自觉维护社会秩序，遵守社会公德，为人正直，作风正派，坚持原则，工作积极主动，乐于为广大同学服务，起到模范带头作用；</font></p><p><font>2、在校已完成学位论文初稿的应届毕业研究生；</font></p><p><font>3、修完本专业培养方案所规定的各门课程或规定的总学分，并且考试成绩在86分（含86分）以上的课程门数达到70%（含70%）以上；</font></p><p><font>4、在校期间，以河南师范大学为第一署名单位在中文核心期刊或国际学术刊物上正式发表学术论文1篇（含1篇）以上，篇幅不少于2个版面（不足2个版面降低一个级别），申请者应为独著、第一作者或除导师外第一作者，对SCI源期刊放宽至接收正式录用通知；</font></p><p><font>5、如无文章发表，但具备以下条件之一者，可认定为满足科研条件：以河南师范大学为第一署名单位，参与并结项的国家级、省部级项目，申请人为主要完成人（限前5名）；或作为主要完成人（限前2名）授权的一项国家发明专利（申请中的不能申报）；或参加专业性各类综合或单项竞赛（项目范围参照</font><a href=\"https://www.htu.edu.cn/yjsxy/2022/1027/c2797a255639/page.htm\"><u><span><font>师大学〔</font><font>2022〕38号</font></span></u></a><font>），获得国家级三等奖及以上、省部级一等奖的主要完成人（限前</font><font>3名）。</font></p><p><font>四、在评选学年内有下列情况之一者，不得参加评选</font></p><p><font>1、有违法违纪行为受到处分者；</font></p><p><font>2、学位课成绩低于75分者（不含75分）；</font></p><p><font>3、非学位课成绩低于60分者（不含60分）；</font></p><p><font>4、违反学术道德，科研工作中有抄袭、剽窃、侵吞他人成果等学术不端行为；</font></p><p><font>5、为自己或他人谋取不正当利益；</font></p><p><font>6、有违反社会公德行为；</font></p><p><font>7、消防、实验室、宿舍等方面发生安全事故被通报；</font></p><p><font>8、学校其它文件明确规定不能参评的。</font></p><p><font>五、评选程序</font></p><p><font>1、各学院根据以上评选要求，认真负责本单位校级优秀毕业生的评定工作。按照“公开、公平、公正”的原则，拟定初步人选，经学院初审合格后公示3天，确定预选名单后报研究生院审查；</font></p><p><font>2、研究生院资格审查后校级优秀应届毕业研究生名单在全校范围内公示。</font></p><p><font>六、材料报送要求及时间安排</font></p><p><font>1、提交学位论文初稿电子版；</font></p><p><font>2、本年级综合测评成绩单，参评人员每个学院统一汇总提交电子版；</font></p><p><font>3、提交成绩单电子版；</font></p><p><font>4、提交科研成果、竞赛获奖证书电子版，科研成果需作超链接，不需提供纸质材料；</font></p><p><font>5、组织符合申报条件的校级优秀毕业生规范填写《河南师范大学优秀毕业研究生申报表》（附件一：内容除签署意见外，无需手写；双面打印，一式三份，参照附件三）和《河南师范大学优秀毕业研究生推荐名单汇总表》（附件二），以上材料均需做到内容真实、填写规范，各项不得空缺。其中附件一需要在“学院推荐意见”栏，签署学院意见（“情况属实，同意推荐”，参照附件三），附件四由学院根据附件一中内容汇总，只报送电子版。</font></p><p><font>6、重要提示：1、2、3、4中所提材料由学院审核备案，不用提交研究生院，</font><b><font>附件一、二</font></b><font>纸质版由学院汇总，统一由主管学生工作的领导签字后加盖学院行政公章，于</font><b><font>4月11日17点前</font></b><font>报送至研究生院思政科（文渊楼</font><font>113）房间，电子版材料发送至电子邮箱hsdygb2020@126.com。</font></p><p><font>七、奖励方式</font></p><p><font>1、授予 “河南师范大学优秀毕业研究生”荣誉称号；</font></p><p><font>2、优秀毕业研究生申报表存入研究生个人档案。</font></p><p></p>', NULL, 'http://localhost:9090/files/1734269032870-图片23.png', '[\"我爱师大\"]', 4, '2024-12-15', 0, 5);
INSERT INTO `blog` VALUES (50, '《关于河南省2023届省级优秀毕业研究生评选工作的通知》 	', '<p><font>各学院（部）：</font></p><p><font>为深入学习贯彻习近平新时代中国特色社会主义思想，全面落实立德树人根本任务，按照《河南省教育厅办公室关于评选</font>2023<font>年河南省普通大中专学校优秀应届毕业生的通知》（教办学〔</font>2023<font>〕</font>170<font>号）要求，现将我校</font><font>“</font>2023<font>年河南省大中专学校优秀应届毕业生</font><font>”（省级优秀毕业生）评选工作通知如下：</font></p><p><font>一、评选范围</font></p><p><font>我校</font>2023<font>届年全日制普通应届毕业研究生，如因各种原因延迟毕业的研究生不能申报。</font></p><p><font>二、评选比例</font></p><p><font>根据各学院（部）毕业生人数实行等额分配，具体名额见附件</font><font>1；</font></p><p><font>三、评选条件</font></p><p>1<font>、符合《河南省教育厅办公室关于评选</font>2023<font>年河南省普通大中专学校优秀应届毕业生的通知》（教办学〔</font>2023<font>〕</font>170<font>号）基本要求；</font></p><p>2<font>、在校已完成学位论文初稿的应届毕业研究生；</font></p><p>3<font>、在校期间综合测评均在</font>50%<font>以内（含</font>50%<font>）；</font></p><p>4<font>、修完本专业培养方案所规定的各门课程或规定的总学分，并且考试成绩在</font>86<font>分（含</font>86<font>分）以上的课程门数达到</font>80%<font>（含</font>80%<font>）以上；</font></p><p>5<font>、在校期间，至少获得一次校级以上奖励；</font></p><p>6<font>、在校期间，以河南师范大学为第一署名单位在中文核心期刊或国际学术刊物上正式发表学术论文</font>1<font>篇（含</font>1<font>篇）以上，篇幅不少于</font>2<font>个版面（不足</font>2<font>个版面降低一个级别），申请者应为独著、第一作者或除导师外第一作者；或完成省部级以上鉴定成果，鉴定结论为全国先进水平，申请人为主要完成人，省部级前</font>5<font>名，国家级前</font>8<font>名；或参加专业性各类综合或单项竞赛，获得国家级三等奖及以上、省部级一等奖的主要完成人（限前</font>3<font>名）；</font></p><p><b>7</b><b><font>、原则上从</font><font>“校级优秀毕业生”中产生。</font></b></p><p><font>四、评选程序</font></p><p>1<font>、各学院（部）根据评选比例和指标，按照</font><font>“公开、公平、公正”的原则，拟定初步人选，经学院初审合格后，确定预选名单后报研究生院审查；</font></p><p>2<font>、研究生院资格审查无异议后，将评选出的省级优秀应届毕业研究生推荐名单由学校上报省教育厅审批；</font></p><p>3<font>、省级优秀毕业生由教育厅将组织专家对《优秀应届毕业生审批表》进行审查，对毕业生生源信息未审核或审核未通过的毕业生不列入评选对象，对弄虚作假和不符合评选条件的予以淘汰。</font></p><p><font>五、材料报送要求及时间安排（</font>1<font>、</font>2<font>、</font>3<font>、</font>4<font>中所提材料由学院审核备案）</font></p><p>1<font>、提交学位论文初稿电子版；</font></p><p>2<font>、本年级综合测评成绩单，参评人员每个学院统一汇总提交电子版；</font></p><p>3<font>、提交成绩单电子版；</font></p><p>4<font>、提交科研成果、竞赛获奖证书电子版，科研成果需作超链接，不需提供纸质材料；</font></p><p>5<font>、请各学院按照填写《河南省普通大中专学校优秀应届毕业生审批表》（附件</font>2<font>，</font><b><font>由学院统一用</font><font>A4纸正反面打印后用第三人称填写，一式两份</font></b><font>）、《河南省普通大中专学校优秀应届毕业生推荐名单总表》（附件</font>3<font>），以上材料均需做到内容真实、填写规范、字迹工整，各项不得空缺。其中附件</font>2<font>需要在</font><font>“院系意见”栏，内签署学院意见（“情况属实，同意推荐”，参考附件</font>4<font>）。</font></p><p>6<font>、各单位在报送省级优秀应届毕业生材料时，同时报送至少</font>1<font>名优秀毕业生典型事迹材料电子版（参考附件</font>5<font>），材料需详实体现该生事迹，以便省内进行宣传，事迹材料电子版请发至上述邮箱。</font></p><p>7<font>、重要提示：</font>1<font>、</font>2<font>、</font>3<font>、</font>4<font>中所提材料由学院审核备案，不用提交研究生院，</font><b><font>附件</font></b><b>2</b><b><font>、</font></b><b>3</b><font>纸质版由学院汇总，统一加盖学院行政公章，</font><b><font>于</font><font>5月19日下午5点前</font></b><font>报送至研究生院思政科</font><b><font>（文渊楼</font><font>113）</font></b><font>房间，同时上报优秀毕业生事迹材料。</font></p><p><font>六、奖励方式</font></p><p>1<font>、授予</font><font>“河南省普通大中专学校优秀应届毕业生”荣誉称号；</font></p><p>2<font>、优秀毕业研究生申报表存入研究生个人档案。</font></p><p></p>', NULL, 'http://localhost:9090/files/1734269135509-图片24.png', '[\"我爱师大\"]', 4, '2024-12-15', 0, 5);
INSERT INTO `blog` VALUES (51, '《河南师范大学考研经验贴》', '<p><font>经历过两次考研的我一直想发一个经验贴分享自己的经验，希望自己的经验可以帮到其他人，因为自己在备考过程中也借鉴了许多他人的经验。本人是跨专业考生，而且跨学校，跨专业的学弟学妹们不要有心理负担，小教专业很多跨考的</font><font>~我本科市场营销专业，因为一直想当老师，所以选择报考教育类专业。一战时候考的学硕，但是当时自己盲目选择学校和专业，后来又因为学校课程分心，后期冲刺复习也不到位，所以失败告终…哎，一战血泪史不再赘述。我是19年5月份决定二战的，因为当时正面临毕业，各种杂七杂八的事，所以决定在毕业前先重新选定学校专业。我个人以后比较想做一名老师，而且考虑到有的学校招老师对院校也有要求，所以我觉得最好选择师范类院校，就敲定了河师大，后来经过斟酌选择了觉得最适合自己的小教专业。正式毕业后，就开始在学校附近租房子，每天去图书馆复习。这里我想说一下，一旦决定考研，就要全身心投入，而且要选好适合自己学习的环境。下面具体来说一下我各科是如何备考的。</font></p><p><font>一、英语二</font></p><p><font>1、单词</font></p><p><font>英语是需要长期积累的，而英语又是以单词为主的，我背单词是单词书和小程序同时进行的。单词书用的是一战时候报的考虫考研系统班发的那本大黄单词书。小程序用的也是考虫的单词天天背，主要是在食堂排队买饭的时候和琐碎时间刷刷小程序，因为那里面的单词和大黄书中的顺序变化不大，所以感觉重复后记得更扎实。其实无所谓用什么单词书啦，只要是自己能用的下去，就把这本单词书多刷几遍，当时一块复习的同学用的恋恋有词，也觉得很好。考研的单词不用每个都准确的记住拼写，最主要的是要眼熟，看到它的一瞬间想起它的几个意思就行了。总之，单词一定要重视，从开始复习到考前单词都不能停，最好可以结合真题去背。</font></p><p><font>2、阅读理解</font></p><p><font>打好单词基础后，就可以开始练练阅读题了，先从年份比较早的开始，每次一篇，做阅读一定要仔细仔细仔细！！哪怕慢一点也不要瞎，一定要先找准定位句，然后只看定位句！（除了例证题和全文题。例证题</font><font>:找到例子——遮住例子——看前后文；全文题:总结题干+每段首尾句）。到后期四篇一起做，把握好时间。</font></p><p><font>3、作文</font></p><p><font>作文可以每种类型的看几篇，然后自己整理出对应类型的模板，加一些高级句型，多用点高级词汇，把简单词换成高级形式，这样一篇作文看着就高大上了。大作文里的句型可以用到小作文里去，其实作文不用开始的太早，很多人都是最后两个月开始突击作文，不过前期可以多看看范文先整理模板，后期只用背背模板，也不会那么慌</font><font>~</font></p><p><font>4、翻译</font></p><p><font>英语里面最喜欢做的就是翻译，我有一套自己的做题步骤。</font></p><p><font>a.先通读一遍翻译段落</font></p><p><font>b.不会的单词划掉，翻译出来如果通顺——可；如果不通顺——猜；（猜不认识的单词在这个句子中最可能的意思，一般相近能读通顺即可）</font></p><p><font>c.把长难句划开翻译，翻译成小短句</font></p><p><font>d.写“舍得版”，一定要是“人话”</font></p><p><font>5、做题顺序及各项时间</font></p><p><font>阅读理解</font><font>——60-70分钟</font></p><p><font>大小作文</font><font>——大–25分钟 小–15分钟</font></p><p><font>翻译题</font><font>——30分钟</font></p><p><font>新题型</font><font>——10分钟</font></p><p><font>完型填空</font><font>——15分钟</font></p><p><font>二、政治</font></p><p><font>关于政治的学习也是越早越好，推荐徐涛老师讲的课！在时间允许的情况下从基础班开始听，涛涛老师讲课真的特别有意思，即使是很难懂的一些知识点他也能讲的让人很容易理解。我是直接从强化班开始听的，结合核心考案做笔记。听完后开始刷肖秀荣</font><font>1000题，至少做两遍，第一遍可以在纸上写答案或者用铅笔。前期就以选择题为主，多看看1000错题的知识点，等各大机构的押题卷出来后，可以做做里面的选择题，因为这些一般都是根据今年重点和热点出的，我做了肖八的选择和腿姐四套卷的选择题。等到肖四出来后，就赶紧着手开始背分析题了，很多人都觉得分析题只靠肖大大四套卷就够了，但是我当时心虚还买了徐涛的小黄书20题看，不过买的有点晚，看了一半觉得时间紧就放弃了……相当于也只背了肖四，但是答题的时候几乎把我脑子里背到的我认为相关的都写了上去，答得很满。时间允许的话你们可以好好背背徐涛的小黄书~还是不错的。</font></p><p><font>三、专业课</font><font>333+858</font></p><p><font>从六月份开始备考到八月中旬期间，关于专业课我都是自己复习的，因为想着自己二战，跟一战时候专业课内容有很多重合，所以自己复习应该问题不大，但是后来发现自己想多了</font><font>……因为333四本书的知识点真的很多很杂，虽然之前考过但是很多已经都记不得了，再加上二战心理压力真的很大，复习的一塌糊涂……所以最终选择了报班。（关于报班这个问题还是取决于自己，如果专业课基础还不错，也有适合的学习方法和计划，就按部就班的扎扎实实进行下去。而我就讲讲我报了班之后的专业课复习计划。）</font></p><p><font>专业课一</font><font>333</font></p><p><font>八月中才算正式专心开始专业课，好在自己之前复习的也有印象，所以我</font><font>333直接结合课本听的强化班，听课中一定要以理解为主，特别是教育心理学。听完后就开始着手背诵了。我当时开始一轮背诵的时候听说有的人已经开始三轮了……太可怕了。不过不能慌！第一遍背诵一定要背细一点，大小知识点都要有涉及，推荐使用艾宾浩斯那个背诵表格，及时复习。不得不说，背第一遍的时候真的太痛苦了，但是一定一定要坚持！背的同时复习，这样到第二遍第三遍的时候真的有“柳暗花明”的感觉。我的背诵顺序是中教史–外教史–教原–教心，教原一定要重视，因为它占的比重最大，学习中外教史都是为教原打基础。第二遍第三遍开始背诵就要结合真题有侧重点的背诵了，要知道有的题以前考过还可能再出。到了十一月份333也差不多背了三遍了，拿到了心火的冲刺资料，然后后期就开始重点背诵冲刺资料，不懂的知识点回归课本再看。333背诵真的很磨炼意志，每次自己背不下去的时候都安慰自己说再背二十分钟吧，结果每次背完二十分钟还能坚持继续背诵~</font></p><p><font>专业课二</font><font>858</font></p><p><font>858小学教学论只有一本书，我是从基础班一章一章听，第二遍强化班还是跟着课本，每过完一章都会从学姐那里拿到相应章节的题目，自己练练手，整理答题思路。858跟333教原的内容有许多重合的，比如教学、德育、师生关系等，所以学起来比较快，背诵的时候重合的部分可以只背更完善的那一个说法，也减轻了不少负担。858在第二遍强化后就开始背诵了，每天过一章知道考试前，所以到后期我都数不清自己背了多少遍了，主要是记大点，也就是采分点，而且一定要准确记忆，下面的展开可以用专业术语＋自己的话阐述，论述题最好再举一个例子。小学教学论这本书十二个章节，几乎每章都考过，所以复习背诵的时候每一章都不能落下，但通过分析真题可以知道哪些章节是重点，出题比较频繁，再加上每一章背诵内容也可以很容易区分主次，可以有重点背诵。河师大858考试可能会涉及一些书本外的知识点，如核心素养、合作学习、三维目标等，这些都需要自己做一些了解，考到的时候知道大概如何作答。858最终成绩还是比较惊喜的，136分，所以有付出一定会有回报！</font></p><p><font>四、关于心态</font></p><p><font>考研真的是一场持久战，就像是在黑夜里洗衣服，不到天亮你永远不知道衣服是否洗干净，在这之前你唯一能做的就是不停的搓洗</font><font>……但是在这个过程中，很多人都坚持不住放弃了，我在图书馆复习就能明显感觉到暑假后走了一波人，十一月份又放弃了一波，还有楼梯间给爸妈打电话说哭着不考了的，努力了那么久中途放弃真的很可惜，你在觉得很艰难的同时你的竞争对手也是同样的感受，拼的就是谁最后能坚持下去。在备考期间，我也多次心态崩溃，而且二战的压力越到后期越凸显出来了，但是我在每个星期给自己一天的休息放松的时间，学不进去的时候会和研友聊聊八卦、一起去吃顿好吃的或者去看场电影，然后互相鼓励；压力大的时候多跟朋友家人打打电话，可以哭一场，挂了电话又是一条好汉！考研不是因为有希望才坚持，而是因为坚持下去才有希望！学弟学妹们在复习期间有任何问题都可以问我~加油！</font></p><p></p>', NULL, 'http://localhost:9090/files/1734269194428-图片25.png', '[\"分享心得\"]', 4, '2024-12-15', 0, 7);
INSERT INTO `blog` VALUES (52, '《河南师范大学（学科数学）考研经验分享》', '<p><b><font>333</font></b><a href=\"https://zhida.zhihu.com/search?content_id=147760760&amp;content_type=Article&amp;match_order=1&amp;q=%E6%95%99%E8%82%B2%E7%BB%BC%E5%90%88&amp;zhida_source=entity\"><b><u><span><font>教育综合</font></span></u></b></a><b><font>复习：</font></b></p><p><font>有四本参考书，教育学，教育心理学，</font><a href=\"https://zhida.zhihu.com/search?content_id=147760760&amp;content_type=Article&amp;match_order=1&amp;q=%E4%B8%AD%E5%9B%BD%E6%95%99%E8%82%B2%E5%8F%B2&amp;zhida_source=entity\"><u><span><font>中国教育史</font></span></u></a><font>，外国教育史，</font><font>333内容很多，很杂，所以对于没有接触过的同学来说背起来有些困难。跨专业的建议还是早点开始，先把这几本书过一遍。具体说一下时间的分配。</font></p><p><font>4—6月基础阶段。其实越早越好，我是从3、4月份开始准备的，主要是当时学校还有课程以及杂七杂八的时间，所以一轮看书用时比较久。我当时是书本加视频结合起来看的，然后自己整理了笔记和框架，跨考的同学建议从中外教史开始看，这部分内容还是比较有意思的，</font><a href=\"https://zhida.zhihu.com/search?content_id=147760760&amp;content_type=Article&amp;match_order=1&amp;q=%E6%95%99%E8%82%B2%E5%AD%A6%E5%8E%9F%E7%90%86&amp;zhida_source=entity\"><u><span><font>教育学原理</font></span></u></a><font>和教育心理学就比较难啃了。这一遍主要是让自己对书本的内容有个大概的了解和认识。</font></p><p><font>7---9月强化阶段。看完第一遍我就立马开始背诵，背书一定要给自己制定计划，而且第二天复习前一天背的，再背新的。第一遍真的及其痛苦，但只要你不放弃就离成功不远了。背的时候大家要学着找关键词，要理解着背，内化为自己的，找到适合自己的方法。第二遍背的时候就会比较顺利了。</font></p><p><font>10--12月冲刺阶段。冲刺阶段一定要注意劳逸结合，身体好学习效率才会高。在11月份的时候就可以看看真题，</font><a href=\"https://zhida.zhihu.com/search?content_id=147760760&amp;content_type=Article&amp;match_order=1&amp;q=%E6%B2%B3%E5%B8%88%E5%A4%A7&amp;zhida_source=entity\"><u><span><font>河师大</font></span></u></a><font>真题重复率还是蛮高的，所以真题一定要好好背。这里学姐推荐一个题库，微信搜索</font><a href=\"https://zhida.zhihu.com/search?content_id=147760760&amp;content_type=Article&amp;match_order=1&amp;q=%E6%95%99%E8%82%B2%E5%AD%A6%E8%80%83%E7%A0%94&amp;zhida_source=entity\"><u><span><font>教育学考研</font></span></u></a><font>题库，里面有各个学校教育学专硕的考研真题，零碎时间也可以看看其他学校的真题，因为</font><font>333的重点内容其实都是一样的。</font></p><p><b><font>803</font></b><a href=\"https://zhida.zhihu.com/search?content_id=147760760&amp;content_type=Article&amp;match_order=1&amp;q=%E6%95%B0%E5%AD%A6%E6%95%99%E8%82%B2%E5%AD%A6&amp;zhida_source=entity\"><b><u><span><font>数学教育学</font></span></u></b></a><b><font>复习：</font></b></p><p><font>803我主要使用了这些参考资料，《数学教学论》（第 2 版）</font><a href=\"https://zhida.zhihu.com/search?content_id=147760760&amp;content_type=Article&amp;match_order=1&amp;q=%E6%9B%B9%E4%B8%80%E9%B8%A3&amp;zhida_source=entity\"><u><span><font>曹一鸣</font></span></u></a><font>等主编，</font><font>2017，北京师范大学出版社；《普通高中数学课程标准（2017 年版）》（可在网上下载）；《</font><a href=\"https://zhida.zhihu.com/search?content_id=147760760&amp;content_type=Article&amp;match_order=1&amp;q=%E4%B9%89%E5%8A%A1%E6%95%99%E8%82%B2%E6%95%B0%E5%AD%A6%E8%AF%BE%E7%A8%8B%E6%A0%87%E5%87%86&amp;zhida_source=entity\"><u><span><font>义务教育数学课程标准</font></span></u></a><font>（</font><font>2011 年版）》（可在网上下载）。对于803的复习，除了背诵之外就是刷题。河南师大803还是比较难的，真题也比较灵活。首先先将这些资料过一遍，第一遍大致浏览就行。第二遍的时候过一章书本内容，同时完成课后练习题，课后练习题一定要反复刷，刷个三遍也不为过。我当时还看了扬哥的视频，帮助蛮大的。最后就是分析整理历年真题，把握出题趋势。</font></p><p></p>', NULL, NULL, '[\"分享心得\"]', 4, '2024-12-15', 0, 7);
INSERT INTO `blog` VALUES (53, '《河南师范大学学科教学(物理)经验贴》', '<p><font>每天背书的时间是下午</font><font>1:30→5:30。背的时候也跟333一样，每背一点要么默写要么拿着手机进行录音背诵。总结自己遗漏的点。</font></p><p><font>总结</font><font>:备考时间是整日总学习时间的3/10。买到课本，可以在知乎搜索上岸学姐学长的经验贴，或者搜索QQ群，去买学长学姐的资料。但注意:买资料的时候要谨慎辨真伪，不要被骗。买不到资料也不用担心，搜集专业课历年考试真题，结合真题在课本上划重点，按部就班进行复习就可以了。重要的是不要急躁，最难熬的就是背书，但坚持就是胜利。</font></p><p><font>我每天的作息时间如下</font><font>:</font></p><p><font>上午</font><font>:</font></p><p><font>5:00起床</font></p><p><font>5:30→6:20 到达图书馆+早餐</font></p><p><font>6:00→7:20 英语背诵</font></p><p><font>7:30→11:30 333背诵</font></p><p><font>11:40→1:20 午饭+政治刷题+午休</font></p><p><font>下午</font><font>:</font></p><p><font>1:30→5:30 物理课程与教学论背诵</font></p><p><font>5:40→6:10 晚饭</font></p><p><font>6:20→9:50 政治</font></p><p><font>10:00→10:50 回宿舍+洗漱</font></p><p><font>11:00→1:00 英语</font></p><p><font>最后想要跟大家说的是</font><font>:</font></p><p><font>不到考前最后一刻不放弃看书复习</font><font>!在备考的过程中要记住的是少量、多次、重复，同时在每周要给自己一个固定放松的时间，不仅对自己来说是一种期待而且也不至于在备考过程中感到烦躁。时间充足，抓全面;时间不够，抓关键，学会去抓住事物的主要矛盾。考研无捷径可走，在这个过程中最重要的是长此以往的坚持。付出多少汗水，就会收获多少！大家加油呀！</font></p><p></p>', NULL, 'http://localhost:9090/files/1734269296035-图片26.png', '[\"分享心得\",\"学习方法\"]', 4, '2024-12-15', 1, 7);
INSERT INTO `blog` VALUES (54, '《考研经验分享》', '<p><font>考研是一段充满挑战与机遇的旅程，以下是我总结的一些经验，希望能对正在备考的你有所帮助。</font></p><p><b><font>一、前期准备</font></b></p><p><br/></p><p><!--[if--><span>1.<span>&nbsp;</span></span><!--[endif]--><b><font>明确目标</font></b><font>：确定自己想要报考的学校和专业，了解相关的考试科目和要求。</font></p><p><!--[if--><span>2.<span>&nbsp;</span></span><!--[endif]--><b><font>收集资料</font></b><font>：通过网络、学长学姐等渠道，收集考研资料，包括教材、辅导书、真题等。</font></p><p><!--[if--><span>3.<span>&nbsp;</span></span><!--[endif]--><b><font>制定计划</font></b><font>：根据自己的实际情况，制定合理的学习计划，合理安排时间，确保每个科目都能得到充分的复习。</font></p><p><b><font>二、备考过程</font></b></p><p><br/></p><p><!--[if--><span>1.<span>&nbsp;</span></span><!--[endif]--><b><font>英语</font></b><font>：</font></p><p><!--[if--><span>o<span>&nbsp;</span></span><!--[endif]--><b><font>单词</font></b><font>：单词是英语学习的基础，要坚持每天背单词，可以使用单词书或手机</font> APP。</p><p><!--[if--><span>o<span>&nbsp;</span></span><!--[endif]--><b><font>阅读</font></b><font>：阅读是英语考试的重点，要多做真题，提高阅读速度和理解能力。</font></p><p><!--[if--><span>o<span>&nbsp;</span></span><!--[endif]--><b><font>写作</font></b><font>：写作是英语考试的难点，要多练习，积累写作素材，提高写作水平。</font></p><p><!--[if--><span>2.<span>&nbsp;</span></span><!--[endif]--><b><font>政治</font></b><font>：</font></p><p><!--[if--><span>o<span>&nbsp;</span></span><!--[endif]--><b><font>基础知识</font></b><font>：政治基础知识比较多，要注重理解和记忆，可以使用辅导书或网课。</font></p><p><!--[if--><span>o<span>&nbsp;</span></span><!--[endif]--><b><font>时事政治</font></b><font>：时事政治是政治考试的重要内容，要关注国内外时事，积累相关知识。</font></p><p><!--[if--><span>o<span>&nbsp;</span></span><!--[endif]--><b><font>做题技巧</font></b><font>：政治考试有一定的做题技巧，要多做真题，掌握做题方法。</font></p><p><!--[if--><span>3.<span>&nbsp;</span></span><!--[endif]--><b><font>专业课</font></b><font>：</font></p><p><!--[if--><span>o<span>&nbsp;</span></span><!--[endif]--><b><font>教材</font></b><font>：专业课教材是复习的重点，要认真阅读教材，理解知识点。</font></p><p><!--[if--><span>o<span>&nbsp;</span></span><!--[endif]--><b><font>笔记</font></b><font>：做好笔记可以帮助我们更好地复习，可以使用思维导图等工具。</font></p><p><!--[if--><span>o<span>&nbsp;</span></span><!--[endif]--><b><font>真题</font></b><font>：专业课真题可以帮助我们了解考试题型和难度，要多做真题，总结出题规律。</font></p><p><b><font>三、心态调整</font></b></p><p><br/></p><p><!--[if--><span>1.<span>&nbsp;</span></span><!--[endif]--><b><font>保持积极心态</font></b><font>：考研是一个长期的过程，会遇到很多困难和挫折，要保持积极心态，相信自己一定能够成功。</font></p><p><!--[if--><span>2.<span>&nbsp;</span></span><!--[endif]--><b><font>合理安排时间</font></b><font>：考研期间要合理安排时间，保证充足的睡眠和休息，避免过度劳累。</font></p><p><!--[if--><span>3.<span>&nbsp;</span></span><!--[endif]--><b><font>寻求帮助</font></b><font>：如果遇到困难和挫折，可以寻求老师、同学或家人的帮助，他们会给你提供支持和鼓励。</font></p><p><b><font>四、考试技巧</font></b></p><p><br/></p><p><!--[if--><span>1.<span>&nbsp;</span></span><!--[endif]--><b><font>时间管理</font></b><font>：考试时要合理安排时间，先易后难，确保每个题目都能得到充分的回答。</font></p><p><!--[if--><span>2.<span>&nbsp;</span></span><!--[endif]--><b><font>答题技巧</font></b><font>：答题时要注意语言表达和逻辑思维，尽量做到简洁明了、条理清晰。</font></p><p><!--[if--><span>3.<span>&nbsp;</span></span><!--[endif]--><b><font>检查答案</font></b><font>：考试结束后，要认真检查答案，确保答案的准确性。</font></p><p><font>以上是我总结的一些考研经验，希望能对正在备考的你有所帮助。祝你考研成功！</font></p><p><font>评论</font></p><p><!--[if--><span>1.<span>&nbsp;</span></span><!--[endif]--><font>这篇经验分享非常详细，涵盖了考研的各个方面，对我很有帮助。特别是在心态调整和考试技巧方面，作者给出了很多实用的建议，让我受益匪浅。我会按照作者的建议，制定合理的学习计划，保持积极心态，努力备考，争取取得好成绩。</font></p><p><!--[if--><span>2.<span>&nbsp;</span></span><!--[endif]--><font>我觉得这篇经验分享很有价值，作者不仅分享了自己的备考经验，还提供了很多学习方法和技巧，让我对考研有了更清晰的认识。我会借鉴作者的经验，结合自己的实际情况，制定适合自己的学习计划，提高学习效率。同时，我也会注重心态调整，保持良好的心态，迎接考研的挑战。</font></p><p><!--[if--><span>3.<span>&nbsp;</span></span><!--[endif]--><font>这篇经验分享很实用，作者从前期准备、备考过程、心态调整和考试技巧等方面进行了详细的介绍，让我对考研有了更全面的了解。我会按照作者的建议，认真做好每一个环节的准备工作，努力提高自己的综合素质和能力。我相信，只要我坚持不懈地努力，就一定能够实现自己的考研梦想。</font></p><p></p>', NULL, 'http://localhost:9090/files/1734269348012-图片27.png', '[\"学习方法\",\"分享心得\"]', 4, '2024-12-15', 3, 7);
INSERT INTO `blog` VALUES (55, '《考研上岸经验分享》', '<p><font>本人今年某</font><font>211上岸，总分428，应几位学弟学妹的建议，出此经验贴，主要包括院校选择，学习经验和考研规划等方面。以下都是我个人的浅见。</font><b></b></p><p><font>一、院校专业选择</font></p><p><font>首先我觉得考研的选择大于努力，自我衡量非常重要，目标不能高的离谱，一定要根据自己的实力来选择。院校的选择可以先选个大类（比如说工科或者理科），这样你的公共课不会变，都是学数学英语政治，等到大概数学一轮复习结束的时候再确定院校（如果数学一学得吃力可以转数学二，千万别心疼钱），那个时候再看专业课也不迟。</font></p><p><font>不过这就又引申出一个新的问题，也是学弟学妹问的比较多的专硕学硕问题。</font></p><p><font>首先我们要知道学硕专硕的区别，学硕是</font><a href=\"https://zhida.zhihu.com/search?content_id=168508885&amp;content_type=Article&amp;match_order=1&amp;q=%E5%AD%A6%E6%9C%AF%E5%9E%8B%E7%A1%95%E5%A3%AB&amp;zhida_source=entity\"><u><span><font>学术型硕士</font></span></u></a><font>，专硕是专业型硕士。顾名思义，学硕注重学术研究，专硕注重实践一点。但对于我们考研生主要注意的是考试科目的不同，最值得注意的就是数一与数二的选择，数一的难度大家有目共睹，今年我身边的同学数一基本都爆炸了，唯一一个不炸的总分上了</font><font>400分，所以学硕专硕的选择要慎之又慎。</font></p><p><font>总的来说，学硕的难度主要在初试，过线就是一个不小的挑战；专硕的难度主要在复试，专硕的试卷简单而且线一般会比较低（不排除某些热门院校专硕内卷严重），所以进入复试很容易，但是复试刷的人一般比较多。当然我说的这些都是大概情况，具体的你的目标院校的情况你必须要自己去搜集信息。</font></p><p><font>回到原先的问题，我们在选择学校的时候一定得注重搜集你目标院校的信息，比如说报录比，</font><a href=\"https://zhida.zhihu.com/search?content_id=168508885&amp;content_type=Article&amp;match_order=1&amp;q=%E5%A4%8D%E5%BD%95%E6%AF%94&amp;zhida_source=entity\"><u><span><font>复录比</font></span></u></a><font>。报录比我觉得并没有太大的参考价值，初试难度主要在公共课，但是我们也要关注报考院校专业的各科成绩，注意某些学校的专业课会压分（有这种情况就是名副其实的黑校），黑校这里就不建议大家报考，根本不把一志愿当人。我觉得初试就是过不过线的问题，这个主要在你自己，这个报录比只是说明炮灰的比例。而复录比的信息就比较重要，一般</font><font>1:1.5就比较高了，也就是复试要刷掉1/3的人，所以说招的少或者复录比比较大的院校就得谨慎报考。不然低分进入复试还得提心吊胆。</font></p><p><font>另外还需要注意的一个就是学校的复试时间问题，有些学校的复试时间较晚，这就导致万一你被刷掉了你就不好调剂，调剂名额基本上是先到先得的。</font></p><p><font>二、学习规划</font></p><p><font>由于我学得是工科，学弟学妹也学的的是工科，所以我只说一下工科的大致学习规划。</font></p><p><font>工科的考研一般是分政治、英语、数学和专业课。学弟学妹问的比较多问题如下。</font></p><p><font>1.什么时候开始学习，现在学晚吗？</font></p><p><font>问我这种问题的基本都在</font><font>3-4月份，我可以说是一点都不晚。我当时开始学习是在4月中旬，一开始只是每天学个6个小时，后来到六月才早出晚归，一天学个12个小时。晚点准备固然来得及，但是考研当然是越早准备越好，这样你后期就会有更多的时间总结与刷题模拟。</font></p><p><font>我建议的考研时间理想大致规划是这样的。</font></p><p><font>暑假之前主要把精力放在数学上面，暑假之前一轮复习要结束；暑假之前不用看政治（早看早忘），英语要每天背单词，一直背到临考之前，暑假之前的英语学习主要是把长难句过一遍，然后进行英语阅读训练，暑假之前如果时间精力足够的同学也可以带着看看你的专业课，看看专业课的难度也是为了你的院校选择。</font></p><p><font>暑假是考研的黄金时期，我觉得的我的高分很大程度上是得益于暑假的高强度学习。暑假的时候你需要做的是数学的强化阶段，一般是选一个老师跟着他的计划进行就行。暑假的英语学习一般也是阅读训练，这个时候你的英语阅读水平有了肉眼可见的进步。暑假到</font><font>8月份的时候我觉得就可以看看政治了，建议看徐涛老师的网课，看一节刷一次肖秀荣1000题，然后认真订正，周而复始就行。专业课的学习也可以开始了，一般是基础学习（过过知识点）。</font></p><p><font>暑假之后的时间大家都默默在冲刺了，这个时候你可能萌生放弃的念头，甚至暑假就有，这个时候就看你能不能扛住了，建议选个考研伙伴互相鼓励，只要你坚持下来就是赢家。</font></p><p><font>暑假之后的规划都基本上按部就班，</font><font>9月份可以训练训练英语翻译，10月份11月份开始英语作文和英语翻译。数学的话强化结束就可以上卷子了，做卷子千万别在乎分数，做卷子只有两个作用，扫盲点和训练考试能力，注重分数还搁那评分数的我只能说你不配上岸。政治学习估计到肖8出来之后才可以上卷子，这个时候可以进行简单的政治大题训练（千万别花太多时间），最后就是背肖4，考试。</font></p><p><font>2.本科成绩不好，感觉考研也不行怎么办</font></p><p><font>实话实说，我本科学业成绩排在中游水平，而且本科学业成绩我感觉大多数都挺有水分的，而且就算你考到了高分，其实你本身也并没有掌握多少东西。</font></p><p><font>我也问过学弟学妹他们的本科的学习状态是怎样的，基本都是和我一样，平时不听，临考抱佛脚，这样考的分能高到哪里去。所以说本科成绩很大程度上都没办法反映你的学习能力和考试能力，而考研则是一个长达大半年的长跑，大家都有充足的学习时间用来学习，所以说谁强谁弱真不好说。</font></p><p><font>3.一天的学习时间要多长才算好，怎样分配最好</font></p><p><font>我觉得这个东西大家最好根据自己的情况来设计，因人而异。下面以我的时间分配作参考。</font></p><p><font>考研前期我基本都在学数学（一天</font><font>4个小时左右），英语带着看看。</font></p><p><font>暑假在家的时候</font><font>7点起，7点40背单词，9点学数学，11点半吃饭，饭后的时候看政治，1点睡觉半个小时，1点半学数学，4点学英语阅读，6点吃饭，7点复习政治做做100题，9点学专业课，学到11点休息。</font></p><p><font>早上我一般</font><font>7点起，8点到教室，一个小时的时间用来背单词。9点开始学数学。11点半去吃饭，然后午休（午休习惯），2点半到教室学英语，4点半学政治，5点半吃饭，6点半复习刚刚的做的政治1000题，8点到9点45交给专业课。10点回寝室复习复习单词。</font></p><p><font>三、自我学习特点</font></p><p><font>有些人问我怎么考这么高，有什么特别的方法吗，是不是有什么过人之处。这里我只能说我和别人不同的方面，至于好不好还得看你们自己的感觉。</font></p><p><font>我不管学什么科目都喜欢总结，也就是每学完一个部分我都喜欢用平板做一个思维导图，总结这个部分的要点，这样自己做题或者回忆的时候就会有条不紊。这个最适用于政治，可以把一些易混淆的概念点分开记忆。</font></p><p><font>我考研期间不常会抽出一点时间去和同学聚餐放松，因为我觉得劳逸结合比较重要，虽然有些人说要分秒必争，但是我觉得放松之后的我是效率和斗志最高的我。</font></p><p><font>四、结言</font></p><p><font>考研最重要的就是坚持，只有坚持住了一步一个脚印，你的付出终会得到回报，祝大家一战成硕，一研为定！</font></p><p></p>', NULL, 'http://localhost:9090/files/1734269416155-图片28.png', '[\"每日一问\",\"毕业季\"]', 4, '2024-12-15', 8, 7);

-- ----------------------------
-- Table structure for category
-- ----------------------------
DROP TABLE IF EXISTS `category`;
CREATE TABLE `category`  (
  `id` int NOT NULL AUTO_INCREMENT COMMENT 'ID',
  `name` varchar(255) CHARACTER SET utf8mb4 COLLATE utf8mb4_unicode_ci NULL DEFAULT NULL COMMENT '分类名称',
  PRIMARY KEY (`id`) USING BTREE
) ENGINE = InnoDB AUTO_INCREMENT = 12 CHARACTER SET = utf8mb4 COLLATE = utf8mb4_unicode_ci COMMENT = '博客分类' ROW_FORMAT = DYNAMIC;

-- ----------------------------
-- Records of category
-- ----------------------------
INSERT INTO `category` VALUES (1, '奖学金');
INSERT INTO `category` VALUES (2, '助学金');
INSERT INTO `category` VALUES (3, '双学位');
INSERT INTO `category` VALUES (4, '转专业');
INSERT INTO `category` VALUES (5, '评优评先');
INSERT INTO `category` VALUES (6, '考公经验');
INSERT INTO `category` VALUES (7, '考研经验');
INSERT INTO `category` VALUES (8, '勤工俭学');
INSERT INTO `category` VALUES (10, '选课');
INSERT INTO `category` VALUES (11, '助学贷款');

-- ----------------------------
-- Table structure for collect
-- ----------------------------
DROP TABLE IF EXISTS `collect`;
CREATE TABLE `collect`  (
  `id` int NOT NULL AUTO_INCREMENT COMMENT 'ID',
  `fid` int NULL DEFAULT NULL COMMENT '关联ID',
  `user_id` int NULL DEFAULT NULL COMMENT '点赞人ID',
  `module` varchar(255) CHARACTER SET utf8mb4 COLLATE utf8mb4_unicode_ci NULL DEFAULT NULL COMMENT '模块',
  PRIMARY KEY (`id`) USING BTREE
) ENGINE = InnoDB AUTO_INCREMENT = 15 CHARACTER SET = utf8mb4 COLLATE = utf8mb4_unicode_ci COMMENT = '收藏' ROW_FORMAT = DYNAMIC;

-- ----------------------------
-- Records of collect
-- ----------------------------
INSERT INTO `collect` VALUES (1, NULL, NULL, '');
INSERT INTO `collect` VALUES (5, 11, 4, '博客');
INSERT INTO `collect` VALUES (7, 1, 4, '博客');
INSERT INTO `collect` VALUES (9, 11, 2, '博客');
INSERT INTO `collect` VALUES (11, 4, 2, '博客');
INSERT INTO `collect` VALUES (12, 10, 2, '博客');
INSERT INTO `collect` VALUES (13, 26, 3, '博客');
INSERT INTO `collect` VALUES (14, 55, 1, '博客');

-- ----------------------------
-- Table structure for comment
-- ----------------------------
DROP TABLE IF EXISTS `comment`;
CREATE TABLE `comment`  (
  `id` int NOT NULL AUTO_INCREMENT COMMENT 'ID',
  `content` varchar(500) CHARACTER SET utf8mb4 COLLATE utf8mb4_unicode_ci NULL DEFAULT NULL COMMENT '内容',
  `user_id` int NULL DEFAULT NULL COMMENT '评论人',
  `pid` int NULL DEFAULT NULL COMMENT '父级ID',
  `root_id` int NULL DEFAULT NULL COMMENT '根节点ID',
  `time` varchar(255) CHARACTER SET utf8mb4 COLLATE utf8mb4_unicode_ci NULL DEFAULT NULL COMMENT '评论时间',
  `fid` int NULL DEFAULT NULL COMMENT '关联ID',
  `module` varchar(255) CHARACTER SET utf8mb4 COLLATE utf8mb4_unicode_ci NULL DEFAULT NULL COMMENT '模块',
  PRIMARY KEY (`id`) USING BTREE
) ENGINE = InnoDB AUTO_INCREMENT = 131 CHARACTER SET = utf8mb4 COLLATE = utf8mb4_unicode_ci COMMENT = '评论表' ROW_FORMAT = DYNAMIC;

-- ----------------------------
-- Records of comment
-- ----------------------------
INSERT INTO `comment` VALUES (87, '我来了\n', 2, NULL, 87, '2024-12-09 23:58:31', 11, '博客');
INSERT INTO `comment` VALUES (88, '111', 2, 87, 87, '2024-12-09 23:58:35', 11, '博客');
INSERT INTO `comment` VALUES (89, '1', 2, 88, 87, '2024-12-10 22:57:52', 11, '博客');
INSERT INTO `comment` VALUES (90, '111', 2, 87, 87, '2024-12-10 22:58:00', 11, '博客');
INSERT INTO `comment` VALUES (91, '来了', 2, NULL, 91, '2024-12-12 11:22:51', 12, '博客');
INSERT INTO `comment` VALUES (92, '想问一下什么时候申请', 2, NULL, 92, '2024-12-12 12:08:33', 4, '博客');
INSERT INTO `comment` VALUES (93, '我来了\n', 2, NULL, 93, '2024-12-12 14:29:45', 10, '博客');
INSERT INTO `comment` VALUES (94, '111', 2, 93, 93, '2024-12-12 14:29:53', 10, '博客');
INSERT INTO `comment` VALUES (95, '赞！！！', 3, NULL, 95, '2024-12-15 20:24:05', 26, '博客');
INSERT INTO `comment` VALUES (96, '我了解了！', 3, NULL, 96, '2024-12-15 20:24:44', 25, '博客');
INSERT INTO `comment` VALUES (97, '太棒了！！！', 3, NULL, 97, '2024-12-15 20:24:55', 24, '博客');
INSERT INTO `comment` VALUES (98, '明白了！', 3, NULL, 98, '2024-12-15 20:25:05', 23, '博客');
INSERT INTO `comment` VALUES (99, '助学金什么时候发放', 3, NULL, 99, '2024-12-15 20:25:40', 22, '博客');
INSERT INTO `comment` VALUES (100, '我想问一下大概奖学金比例。\n', 3, NULL, 100, '2024-12-15 20:26:10', 20, '博客');
INSERT INTO `comment` VALUES (101, '请问咱们学校还有哪些奖学金？\n', 3, NULL, 101, '2024-12-15 20:29:21', 17, '博客');
INSERT INTO `comment` VALUES (102, '这些奖学金大概什么时候评选', 3, NULL, 102, '2024-12-15 20:30:14', 15, '博客');
INSERT INTO `comment` VALUES (103, '奖学金是否会影响我的学费减免或其他财务资助？', 3, NULL, 103, '2024-12-15 20:30:26', 16, '博客');
INSERT INTO `comment` VALUES (104, '我一定会努力的！', 3, NULL, 104, '2024-12-15 20:30:59', 18, '博客');
INSERT INTO `comment` VALUES (105, '请问降级转专业科目名称不一样怎么办', 5, NULL, 105, '2024-12-15 20:46:05', 35, '博客');
INSERT INTO `comment` VALUES (106, '转专业？那可是个挑战，得有足够的勇气和决心', 5, NULL, 106, '2024-12-15 20:46:14', 34, '博客');
INSERT INTO `comment` VALUES (107, '转专业？那可是个重要决定，得权衡好利弊。', 5, NULL, 107, '2024-12-15 20:46:31', 33, '博客');
INSERT INTO `comment` VALUES (108, '转专业这事儿，得想明白，毕竟专业选择影响未来发展。', 5, NULL, 108, '2024-12-15 20:46:47', 32, '博客');
INSERT INTO `comment` VALUES (109, '学院太贴心了', 5, NULL, 109, '2024-12-15 20:47:04', 31, '博客');
INSERT INTO `comment` VALUES (110, '要是能拿下双学位，那就业的底气都足些。但这路上要面对的课业难题也不是闹着玩的。', 5, NULL, 110, '2024-12-15 20:47:34', 29, '博客');
INSERT INTO `comment` VALUES (111, '双学位是个好东西，可这意味着要比别人付出更多努力，懒觉可能都要少睡不少', 5, NULL, 111, '2024-12-15 20:48:08', 30, '博客');
INSERT INTO `comment` VALUES (112, '双学位能增加就业机会，但选专业得结合兴趣和职业规划，别盲目跟风。', 5, NULL, 112, '2024-12-15 20:48:41', 5, '博客');
INSERT INTO `comment` VALUES (113, '双学位学习压力大，时间管理得好才能兼顾两边的学业。', 5, NULL, 113, '2024-12-15 20:49:06', 27, '博客');
INSERT INTO `comment` VALUES (114, '我室友在，她说是一个月需要工作20个小时以上，比如每周在周内值班三次，一个月大概一两百，不加综测学时', 2, NULL, 114, '2024-12-15 21:04:44', 41, '博客');
INSERT INTO `comment` VALUES (115, '有申请表', 2, 114, 114, '2024-12-15 21:05:08', 41, '博客');
INSERT INTO `comment` VALUES (116, '省考和国考考的内容不一样吗？', 4, NULL, 116, '2024-12-15 21:30:46', 47, '博客');
INSERT INTO `comment` VALUES (117, '今年刚毕业申请延期一年不要利息吗？', 4, NULL, 117, '2024-12-15 21:31:33', 44, '博客');
INSERT INTO `comment` VALUES (118, '你们的助学贷款申请都到账了吗?', 4, 117, 117, '2024-12-15 21:31:47', 44, '博客');
INSERT INTO `comment` VALUES (119, ' 助学贷款大学期间免费，也就是只有大一贷的款可以享受四年免息，大四贷的款毕业就开始计息了。', 4, NULL, 119, '2024-12-15 21:32:08', 43, '博客');
INSERT INTO `comment` VALUES (120, '  我申请以后立马就可以去支付宝还吗？还是得审核通过后才能还啊？', 4, NULL, 120, '2024-12-15 21:32:34', 42, '博客');
INSERT INTO `comment` VALUES (121, '希望这次可以选到经典课', 4, NULL, 121, '2024-12-15 21:33:03', 36, '博客');
INSERT INTO `comment` VALUES (122, '一定要看培养方案，仔细研究！！！', 4, NULL, 122, '2024-12-15 21:33:25', 38, '博客');
INSERT INTO `comment` VALUES (123, '是博约选修课还是专业选修课哇？', 4, 122, 122, '2024-12-15 21:33:32', 38, '博客');
INSERT INTO `comment` VALUES (124, '学长建议考研报班吗 自己学不太会收集信息', 1, NULL, 124, '2024-12-15 21:34:29', 55, '博客');
INSERT INTO `comment` VALUES (125, '能推荐一下你复习时用的资料书吗', 1, 124, 124, '2024-12-15 21:35:07', 55, '博客');
INSERT INTO `comment` VALUES (126, '求资料，谢谢', 1, NULL, 126, '2024-12-15 21:35:52', 54, '博客');
INSERT INTO `comment` VALUES (127, '求求', 1, 126, 126, '2024-12-15 21:35:59', 54, '博客');
INSERT INTO `comment` VALUES (128, '那个物理课程与方法论有没有出类似于高考物理那种题，我现在还是小白，可以分享一下资料吗', 1, NULL, 128, '2024-12-15 21:36:12', 53, '博客');
INSERT INTO `comment` VALUES (129, '考研', 1, NULL, 129, '2024-12-15 21:55:26', 55, '博客');
INSERT INTO `comment` VALUES (130, '111', 1, 125, 124, '2024-12-15 21:55:31', 55, '博客');

-- ----------------------------
-- Table structure for likes
-- ----------------------------
DROP TABLE IF EXISTS `likes`;
CREATE TABLE `likes`  (
  `id` int NOT NULL AUTO_INCREMENT COMMENT 'ID',
  `fid` int NULL DEFAULT NULL COMMENT '关联ID',
  `user_id` int NULL DEFAULT NULL COMMENT '点赞人ID',
  `module` varchar(255) CHARACTER SET utf8mb4 COLLATE utf8mb4_unicode_ci NULL DEFAULT NULL COMMENT '模块',
  PRIMARY KEY (`id`) USING BTREE
) ENGINE = InnoDB AUTO_INCREMENT = 31 CHARACTER SET = utf8mb4 COLLATE = utf8mb4_unicode_ci COMMENT = '点赞' ROW_FORMAT = DYNAMIC;

-- ----------------------------
-- Records of likes
-- ----------------------------
INSERT INTO `likes` VALUES (1, 3, 2, '博客');
INSERT INTO `likes` VALUES (2, 3, 4, '博客');
INSERT INTO `likes` VALUES (3, 5, 4, '博客');
INSERT INTO `likes` VALUES (4, 5, 1, '博客');
INSERT INTO `likes` VALUES (5, 6, 3, '博客');
INSERT INTO `likes` VALUES (16, 10, 4, '博客');
INSERT INTO `likes` VALUES (18, 11, 4, '博客');
INSERT INTO `likes` VALUES (20, 1, 4, '博客');
INSERT INTO `likes` VALUES (22, 11, 2, '博客');
INSERT INTO `likes` VALUES (25, 9, 2, '博客');
INSERT INTO `likes` VALUES (26, 12, 2, '博客');
INSERT INTO `likes` VALUES (27, 4, 2, '博客');
INSERT INTO `likes` VALUES (29, 26, 3, '博客');
INSERT INTO `likes` VALUES (30, 55, 1, '博客');

-- ----------------------------
-- Table structure for notice
-- ----------------------------
DROP TABLE IF EXISTS `notice`;
CREATE TABLE `notice`  (
  `id` int NOT NULL AUTO_INCREMENT COMMENT 'ID',
  `title` varchar(255) CHARACTER SET utf8mb4 COLLATE utf8mb4_unicode_ci NULL DEFAULT NULL COMMENT '标题',
  `content` varchar(255) CHARACTER SET utf8mb4 COLLATE utf8mb4_unicode_ci NULL DEFAULT NULL COMMENT '内容',
  `time` varchar(255) CHARACTER SET utf8mb4 COLLATE utf8mb4_unicode_ci NULL DEFAULT NULL COMMENT '创建时间',
  `user` varchar(255) CHARACTER SET utf8mb4 COLLATE utf8mb4_unicode_ci NULL DEFAULT NULL COMMENT '创建人',
  PRIMARY KEY (`id`) USING BTREE
) ENGINE = InnoDB AUTO_INCREMENT = 7 CHARACTER SET = utf8mb4 COLLATE = utf8mb4_unicode_ci COMMENT = '公告信息表' ROW_FORMAT = DYNAMIC;

-- ----------------------------
-- Records of notice
-- ----------------------------
INSERT INTO `notice` VALUES (1, '所有功能都已完成，可以正常使用', '所有功能都已完成，可以正常使用', '2024-12-15', 'admin');
INSERT INTO `notice` VALUES (2, '今天系统正式上线，开始内测', '今天系统正式上线，开始内测', '2024-12-15', 'admin');

-- ----------------------------
-- Table structure for user
-- ----------------------------
DROP TABLE IF EXISTS `user`;
CREATE TABLE `user`  (
  `id` int NOT NULL AUTO_INCREMENT COMMENT 'ID',
  `username` varchar(255) CHARACTER SET utf8mb4 COLLATE utf8mb4_unicode_ci NULL DEFAULT NULL COMMENT '用户名',
  `password` varchar(255) CHARACTER SET utf8mb4 COLLATE utf8mb4_unicode_ci NULL DEFAULT NULL COMMENT '密码',
  `name` varchar(255) CHARACTER SET utf8mb4 COLLATE utf8mb4_unicode_ci NULL DEFAULT NULL COMMENT '姓名',
  `avatar` varchar(255) CHARACTER SET utf8mb4 COLLATE utf8mb4_unicode_ci NULL DEFAULT NULL COMMENT '头像',
  `role` varchar(255) CHARACTER SET utf8mb4 COLLATE utf8mb4_unicode_ci NULL DEFAULT NULL COMMENT '角色标识',
  `sex` varchar(255) CHARACTER SET utf8mb4 COLLATE utf8mb4_unicode_ci NULL DEFAULT NULL COMMENT '性别',
  `phone` varchar(255) CHARACTER SET utf8mb4 COLLATE utf8mb4_unicode_ci NULL DEFAULT NULL COMMENT '电话',
  `email` varchar(255) CHARACTER SET utf8mb4 COLLATE utf8mb4_unicode_ci NULL DEFAULT NULL COMMENT '邮箱',
  `info` varchar(255) CHARACTER SET utf8mb4 COLLATE utf8mb4_unicode_ci NULL DEFAULT NULL COMMENT '简介',
  `birth` varchar(255) CHARACTER SET utf8mb4 COLLATE utf8mb4_unicode_ci NULL DEFAULT NULL COMMENT '生日',
  PRIMARY KEY (`id`) USING BTREE
) ENGINE = InnoDB AUTO_INCREMENT = 12 CHARACTER SET = utf8mb4 COLLATE = utf8mb4_unicode_ci COMMENT = '用户信息' ROW_FORMAT = DYNAMIC;

-- ----------------------------
-- Records of user
-- ----------------------------
INSERT INTO `user` VALUES (1, 'wxt', '123', 'wxt', 'http://localhost:9090/files/1731599131654-微信图片_20241114234132.jpg', 'USER', NULL, NULL, NULL, '我是wxt', NULL);
INSERT INTO `user` VALUES (2, 'hd', '123', 'hd', 'http://localhost:9090/files/1731599141161-微信图片_20241114234119.jpg', 'USER', NULL, NULL, NULL, '我是hd', NULL);
INSERT INTO `user` VALUES (3, 'syy', '123', 'syy', 'http://localhost:9090/files/1731599120587-微信图片_20241114234128.jpg', 'USER', NULL, NULL, NULL, '我是syy', NULL);
INSERT INTO `user` VALUES (4, 'jyp', '123', 'jyp', 'http://localhost:9090/files/1731599110942-微信图片_20241114234137.jpg', 'USER', NULL, NULL, NULL, '我是jyp', NULL);
INSERT INTO `user` VALUES (5, 'cyb', '123', 'cyb', 'http://localhost:9090/files/1731599100724-微信图片_20241114234141.jpg', 'USER', NULL, NULL, NULL, '我是cyb', NULL);
INSERT INTO `user` VALUES (7, 'sxh', '123', 'sxh', 'http://localhost:9090/files/1731598916426-微信图片_20241114234146.jpg', 'USER', NULL, NULL, NULL, '我是sxh', NULL);
INSERT INTO `user` VALUES (10, 'hsd', '123', 'hsd', NULL, 'USER', NULL, NULL, NULL, NULL, NULL);
INSERT INTO `user` VALUES (11, '111', '123', '111', NULL, 'USER', NULL, NULL, NULL, NULL, NULL);

SET FOREIGN_KEY_CHECKS = 1;
